"CPI value",Notes,US,AK,AL,AR,AZ,CA,CO,CT,DC,DE,FL,GA,HI,IA,ID,IL,IN,KS,KY,LA,MA,MD,ME,MI,MN,MO,MS,MT,NC,ND,NE,NH,NJ,NM,NV,NY,OH,OK,OR,PA,RI,SC,SD,TN,TX,UT,VA,VT,WA,WI,WV,WY
,2009/01/01,2.13,6.55,2.13,2.63,4.25,8,4.22,5.52,2.77,2.23,4.1899999999999995,2.13,7,4.35,3.35,4.8,2.13,2.13,2.13,2.13,2.63,3.275,3.63,2.65,6.55,3.525,2.13,6.9,2.13,4.3885000000000005,2.13,3.2625,2.13,2.13,6.55,4.6,3.65,2.13,8.4,2.83,2.89,2.13,2.13,2.13,2.13,2.13,2.13,3.9091,8.55,2.33,5.24,2.13
,2009/02/01,2.13,6.55,2.13,2.63,4.25,8,4.22,5.52,2.77,2.23,4.1899999999999995,2.13,7,4.35,3.35,4.8,2.13,2.13,2.13,2.13,2.63,3.275,3.63,2.65,6.55,3.525,2.13,6.9,2.13,4.3885000000000005,2.13,3.2625,2.13,2.13,6.55,4.6,3.65,2.13,8.4,2.83,2.89,2.13,2.13,2.13,2.13,2.13,2.13,3.9091,8.55,2.33,5.24,2.13
,2009/03/01,2.13,6.55,2.13,2.63,4.25,8,4.22,5.52,2.77,2.23,4.1899999999999995,2.13,7,4.35,3.35,4.8,2.13,2.13,2.13,2.13,2.63,3.275,3.63,2.65,6.55,3.525,2.13,6.9,2.13,4.3885000000000005,2.13,3.2625,2.13,2.13,6.55,4.6,3.65,2.13,8.4,2.83,2.89,2.13,2.13,2.13,2.13,2.13,2.13,3.9091,8.55,2.33,5.24,2.13
,2009/04/01,2.13,6.55,2.13,2.63,4.25,8,4.22,5.52,2.77,2.23,4.1899999999999995,2.13,7,4.35,3.35,4.8,2.13,2.13,2.13,2.13,2.63,3.275,3.63,2.65,6.55,3.525,2.13,6.9,2.13,4.3885000000000005,2.13,3.2625,2.13,2.13,6.55,4.6,3.65,2.13,8.4,2.83,2.89,2.13,2.13,2.13,2.13,2.13,2.13,3.9091,8.55,2.33,5.24,2.13
,2009/05/01,2.13,6.55,2.13,2.63,4.25,8,4.22,5.52,2.77,2.23,4.1899999999999995,2.13,7,4.35,3.35,4.8,2.13,2.13,2.13,2.13,2.63,3.275,3.63,2.65,6.55,3.525,2.13,6.9,2.13,4.3885000000000005,2.13,3.2625,2.13,2.13,6.55,4.6,3.65,2.13,8.4,2.83,2.89,2.13,2.13,2.13,2.13,2.13,2.13,3.9091,8.55,2.33,5.24,2.13
,2009/06/01,2.13,6.55,2.13,2.63,4.25,8,4.22,5.52,2.77,2.23,4.1899999999999995,2.13,7,4.35,3.35,4.8,2.13,2.13,2.13,2.13,2.63,3.275,3.63,2.65,6.55,3.525,2.13,6.9,2.13,4.3885000000000005,2.13,3.2625,2.13,2.13,6.55,4.6,3.65,2.13,8.4,2.83,2.89,2.13,2.13,2.13,2.13,2.13,2.13,3.9091,8.55,2.33,5.24,2.13
,2009/07/01,2.13,7.25,2.13,2.63,4.25,8,4.22,5.52,2.77,2.23,4.23,2.13,7,4.35,3.35,4.8,2.13,2.13,2.13,2.13,2.63,3.625,3.63,2.65,7.25,3.625,2.13,7.25,2.13,4.8575,2.13,3.2625,2.13,2.13,7.25,4.65,3.65,2.13,8.4,2.83,2.89,2.13,2.13,2.13,2.13,2.13,2.13,3.9091,8.55,2.33,5.800000000000001,2.13
,2009/08/01,2.13,7.25,2.13,2.63,4.25,8,4.22,5.52,2.77,2.23,4.23,2.13,7,4.35,3.35,4.8,2.13,2.13,2.13,2.13,2.63,3.625,3.63,2.65,7.25,3.627,2.13,7.25,2.13,4.8575,2.13,3.2625,2.13,2.13,7.25,4.65,3.65,2.13,8.4,2.83,2.89,2.13,2.13,2.13,2.13,2.13,2.13,3.9091,8.55,2.33,5.800000000000001,2.13
,2009/09/01,2.13,7.25,2.13,2.63,4.25,8,4.22,5.52,2.77,2.23,4.23,2.13,7,4.35,3.35,4.8,2.13,2.13,2.13,2.13,2.63,3.625,3.63,2.65,7.25,3.627,2.13,7.25,2.13,4.8575,2.13,3.2625,2.13,2.13,7.25,4.65,3.65,2.13,8.4,2.83,2.89,2.13,2.13,2.13,2.13,2.13,2.13,3.9091,8.55,2.33,5.800000000000001,2.13
,2009/10/01,2.13,7.25,2.13,2.63,4.25,8,4.22,5.52,2.77,2.23,4.23,2.13,7,4.35,3.35,4.8,2.13,2.13,2.13,2.13,2.63,3.625,3.75,2.65,7.25,3.627,2.13,7.25,2.13,4.8575,2.13,3.2625,2.13,2.13,7.25,4.65,3.65,2.13,8.4,2.83,2.89,2.13,2.13,2.13,2.13,2.13,2.13,3.9091,8.55,2.33,5.800000000000001,2.13
,2009/11/01,2.13,7.25,2.13,2.63,4.25,8,4.22,5.52,2.77,2.23,4.23,2.13,7,4.35,3.35,4.8,2.13,2.13,2.13,2.13,2.63,3.625,3.75,2.65,7.25,3.627,2.13,7.25,2.13,4.8575,2.13,3.2625,2.13,2.13,7.25,4.65,3.65,2.13,8.4,2.83,2.89,2.13,2.13,2.13,2.13,2.13,2.13,3.9091,8.55,2.33,5.800000000000001,2.13
,2009/12/01,2.13,7.25,2.13,2.63,4.25,8,4.22,5.52,2.77,2.23,4.23,2.13,7,4.35,3.35,4.8,2.13,2.13,2.13,2.13,2.63,3.625,3.75,2.65,7.25,3.627,2.13,7.25,2.13,4.8575,2.13,3.2625,2.13,2.13,7.25,4.65,3.65,2.13,8.4,2.83,2.89,2.13,2.13,2.13,2.13,2.13,2.13,3.9091,8.55,2.33,5.800000000000001,2.13
,2010/01/01,2.13,7.75,2.13,2.63,4.25,8,4.26,5.69,2.77,2.23,4.23,2.13,7,4.35,3.35,4.8,2.13,2.13,2.13,2.13,2.63,3.625,3.75,2.65,7.25,3.627,2.13,7.25,2.13,4.8575,2.13,3.2625,2.13,2.13,7.25,4.65,3.65,2.13,8.4,2.83,2.89,2.13,2.13,2.13,2.13,2.13,2.13,3.9091,8.55,2.33,5.800000000000001,2.13
,2010/02/01,2.13,7.75,2.13,2.63,4.25,8,4.26,5.69,2.77,2.23,4.23,2.13,7,4.35,3.35,4.8,2.13,2.13,2.13,2.13,2.63,3.625,3.75,2.65,7.25,3.627,2.13,7.25,2.13,4.8575,2.13,3.2625,2.13,2.13,7.25,4.65,3.65,2.13,8.4,2.83,2.89,2.13,2.13,2.13,2.13,2.13,2.13,3.9091,8.55,2.33,5.800000000000001,2.13
,2010/03/01,2.13,7.75,2.13,2.63,4.25,8,4.26,5.69,2.77,2.23,4.23,2.13,7,4.35,3.35,4.8,2.13,2.13,2.13,2.13,2.63,3.625,3.75,2.65,7.25,3.627,2.13,7.25,2.13,4.8575,2.13,3.2625,2.13,2.13,7.25,4.65,3.65,2.13,8.4,2.83,2.89,2.13,2.13,2.13,2.13,2.13,2.13,3.9091,8.55,2.33,5.800000000000001,2.13
,2010/04/01,2.13,7.75,2.13,2.63,4.25,8,4.26,5.69,2.77,2.23,4.23,2.13,7,4.35,3.35,4.8,2.13,2.13,2.13,2.13,2.63,3.625,3.75,2.65,7.25,3.627,2.13,7.25,2.13,4.8575,2.13,3.2625,2.13,2.13,7.25,4.65,3.65,2.13,8.4,2.83,2.89,2.13,2.13,2.13,2.13,2.13,2.13,3.9091,8.55,2.33,5.800000000000001,2.13
,2010/05/01,2.13,7.75,2.13,2.63,4.25,8,4.26,5.69,2.77,2.23,4.23,2.13,7,4.35,3.35,4.8,2.13,2.13,2.13,2.13,2.63,3.625,3.75,2.65,7.25,3.627,2.13,7.25,2.13,4.8575,2.13,3.2625,2.13,2.13,7.25,4.65,3.65,2.13,8.4,2.83,2.89,2.13,2.13,2.13,2.13,2.13,2.13,3.9091,8.55,2.33,5.800000000000001,2.13
,2010/06/01,2.13,7.75,2.13,2.63,4.25,8,4.26,5.69,2.77,2.23,4.23,2.13,7,4.35,3.35,4.8,2.13,2.13,2.13,2.13,2.63,3.625,3.75,2.65,7.25,3.627,2.13,7.25,2.13,4.8575,2.13,3.2625,2.13,2.13,7.25,4.65,3.65,2.13,8.4,2.83,2.89,2.13,2.13,2.13,2.13,2.13,2.13,3.9091,8.55,2.33,5.800000000000001,2.13
,2010/07/01,2.13,7.75,2.13,2.63,4.25,8,4.26,5.69,2.77,2.23,4.23,2.13,7,4.35,3.35,4.95,2.13,2.13,2.13,2.13,2.63,3.625,3.75,2.65,7.25,3.627,2.13,7.25,2.13,4.8575,2.13,3.2625,2.13,2.13,7.25,4.65,3.65,2.13,8.4,2.83,2.89,2.13,2.13,2.13,2.13,2.13,2.13,3.9091,8.55,2.33,5.800000000000001,2.13
,2010/08/01,2.13,7.75,2.13,2.63,4.25,8,4.26,5.69,2.77,2.23,4.23,2.13,7,4.35,3.35,4.95,2.13,2.13,2.13,2.13,2.63,3.625,3.75,2.65,7.25,3.627,2.13,7.25,2.13,4.8575,2.13,3.2625,2.13,2.13,7.25,4.65,3.65,2.13,8.4,2.83,2.89,2.13,2.13,2.13,2.13,2.13,2.13,3.9091,8.55,2.33,5.800000000000001,2.13
,2010/09/01,2.13,7.75,2.13,2.63,4.25,8,4.26,5.69,2.77,2.23,4.23,2.13,7,4.35,3.35,4.95,2.13,2.13,2.13,2.13,2.63,3.625,3.75,2.65,7.25,3.627,2.13,7.25,2.13,4.8575,2.13,3.2625,2.13,2.13,7.25,4.65,3.65,2.13,8.4,2.83,2.89,2.13,2.13,2.13,2.13,2.13,2.13,3.9091,8.55,2.33,5.800000000000001,2.13
,2010/10/01,2.13,7.75,2.13,2.63,4.25,8,4.26,5.69,2.77,2.23,4.23,2.13,7,4.35,3.35,4.95,2.13,2.13,2.13,2.13,2.63,3.625,3.75,2.65,7.25,3.627,2.13,7.25,2.13,4.8575,2.13,3.2625,2.13,2.13,7.25,4.65,3.65,2.13,8.4,2.83,2.89,2.13,2.13,2.13,2.13,2.13,2.13,3.9091,8.55,2.33,5.800000000000001,2.13
,2010/11/01,2.13,7.75,2.13,2.63,4.25,8,4.26,5.69,2.77,2.23,4.23,2.13,7,4.35,3.35,4.95,2.13,2.13,2.13,2.13,2.63,3.625,3.75,2.65,7.25,3.627,2.13,7.25,2.13,4.8575,2.13,3.2625,2.13,2.13,7.25,4.65,3.65,2.13,8.4,2.83,2.89,2.13,2.13,2.13,2.13,2.13,2.13,3.9091,8.55,2.33,5.800000000000001,2.13
,2010/12/01,2.13,7.75,2.13,2.63,4.25,8,4.26,5.69,2.77,2.23,4.23,2.13,7,4.35,3.35,4.95,2.13,2.13,2.13,2.13,2.63,3.625,3.75,2.65,7.25,3.627,2.13,7.25,2.13,4.8575,2.13,3.2625,2.13,2.13,7.25,4.65,3.65,2.13,8.4,2.83,2.89,2.13,2.13,2.13,2.13,2.13,2.13,3.9091,8.55,2.33,5.800000000000001,2.13
,2011/01/01,2.13,7.75,2.13,2.63,4.35,8,4.34,5.69,2.77,2.23,4.23,2.13,7,4.35,3.35,4.95,2.13,2.13,2.13,2.13,2.63,3.625,3.75,2.65,7.25,3.627,2.13,7.35,2.13,4.8575,2.13,3.2625,2.13,2.13,7.25,5,3.7,2.13,8.5,2.83,2.89,2.13,2.13,2.13,2.13,2.13,2.13,3.95275,8.67,2.33,5.800000000000001,2.13
,2011/02/01,2.13,7.75,2.13,2.63,4.35,8,4.34,5.69,2.77,2.23,4.23,2.13,7,4.35,3.35,4.95,2.13,2.13,2.13,2.13,2.63,3.625,3.75,2.65,7.25,3.627,2.13,7.35,2.13,4.8575,2.13,3.2625,2.13,2.13,7.25,5,3.7,2.13,8.5,2.83,2.89,2.13,2.13,2.13,2.13,2.13,2.13,3.95275,8.67,2.33,5.800000000000001,2.13
,2011/03/01,2.13,7.75,2.13,2.63,4.35,8,4.34,5.69,2.77,2.23,4.23,2.13,7,4.35,3.35,4.95,2.13,2.13,2.13,2.13,2.63,3.625,3.75,2.65,7.25,3.627,2.13,7.35,2.13,4.8575,2.13,3.2625,2.13,2.13,7.25,5,3.7,2.13,8.5,2.83,2.89,2.13,2.13,2.13,2.13,2.13,2.13,3.95275,8.67,2.33,5.800000000000001,2.13
,2011/04/01,2.13,7.75,2.13,2.63,4.35,8,4.34,5.69,2.77,2.23,4.23,2.13,7,4.35,3.35,4.95,2.13,2.13,2.13,2.13,2.63,3.625,3.75,2.65,7.25,3.627,2.13,7.35,2.13,4.8575,2.13,3.2625,2.13,2.13,7.25,5,3.7,2.13,8.5,2.83,2.89,2.13,2.13,2.13,2.13,2.13,2.13,3.95275,8.67,2.33,5.800000000000001,2.13
,2011/05/01,2.13,7.75,2.13,2.63,4.35,8,4.34,5.69,2.77,2.23,4.23,2.13,7,4.35,3.35,4.95,2.13,2.13,2.13,2.13,2.63,3.625,3.75,2.65,7.25,3.627,2.13,7.35,2.13,4.8575,2.13,3.2625,2.13,2.13,7.25,5,3.7,2.13,8.5,2.83,2.89,2.13,2.13,2.13,2.13,2.13,2.13,3.95275,8.67,2.33,5.800000000000001,2.13
,2011/06/01,2.13,7.75,2.13,2.63,4.35,8,4.34,5.69,2.77,2.23,4.289999999999999,2.13,7,4.35,3.35,4.95,2.13,2.13,2.13,2.13,2.63,3.625,3.75,2.65,7.25,3.627,2.13,7.35,2.13,4.8575,2.13,3.2625,2.13,2.13,7.25,5,3.7,2.13,8.5,2.83,2.89,2.13,2.13,2.13,2.13,2.13,2.13,3.95275,8.67,2.33,5.800000000000001,2.13
,2011/07/01,2.13,7.75,2.13,2.63,4.35,8,4.34,5.69,2.77,2.23,4.289999999999999,2.13,7,4.35,3.35,4.95,2.13,2.13,2.13,2.13,2.63,3.625,3.75,2.65,7.25,3.627,2.13,7.35,2.13,4.8575,2.13,3.2625,2.13,2.13,7.25,5,3.7,2.13,8.5,2.83,2.89,2.13,2.13,2.13,2.13,2.13,2.13,3.95275,8.67,2.33,5.800000000000001,2.13
,2011/08/01,2.13,7.75,2.13,2.63,4.35,8,4.34,5.69,2.77,2.23,4.289999999999999,2.13,7,4.35,3.35,4.95,2.13,2.13,2.13,2.13,2.63,3.625,3.75,2.65,7.25,3.627,2.13,7.35,2.13,4.8575,2.13,3.2625,2.13,2.13,7.25,5,3.7,2.13,8.5,2.83,2.89,2.13,2.13,2.13,2.13,2.13,2.13,3.95275,8.67,2.33,5.800000000000001,2.13
,2011/09/01,2.13,7.75,2.13,2.63,4.35,8,4.34,5.69,2.77,2.23,4.289999999999999,2.13,7,4.35,3.35,4.95,2.13,2.13,2.13,2.13,2.63,3.625,3.75,2.65,7.25,3.627,2.13,7.35,2.13,4.8575,2.13,3.2625,2.13,2.13,7.25,5,3.7,2.13,8.5,2.83,2.89,2.13,2.13,2.13,2.13,2.13,2.13,3.95275,8.67,2.33,5.800000000000001,2.13
,2011/10/01,2.13,7.75,2.13,2.63,4.35,8,4.34,5.69,2.77,2.23,4.289999999999999,2.13,7,4.35,3.35,4.95,2.13,2.13,2.13,2.13,2.63,3.625,3.75,2.65,7.25,3.627,2.13,7.35,2.13,4.8575,2.13,3.2625,2.13,2.13,7.25,5,3.7,2.13,8.5,2.83,2.89,2.13,2.13,2.13,2.13,2.13,2.13,3.95275,8.67,2.33,5.800000000000001,2.13
,2011/11/01,2.13,7.75,2.13,2.63,4.35,8,4.34,5.69,2.77,2.23,4.289999999999999,2.13,7,4.35,3.35,4.95,2.13,2.13,2.13,2.13,2.63,3.625,3.75,2.65,7.25,3.627,2.13,7.35,2.13,4.8575,2.13,3.2625,2.13,2.13,7.25,5,3.7,2.13,8.5,2.83,2.89,2.13,2.13,2.13,2.13,2.13,2.13,3.95275,8.67,2.33,5.800000000000001,2.13
,2011/12/01,2.13,7.75,2.13,2.63,4.35,8,4.34,5.69,2.77,2.23,4.289999999999999,2.13,7,4.35,3.35,4.95,2.13,2.13,2.13,2.13,2.63,3.625,3.75,2.65,7.25,3.627,2.13,7.35,2.13,4.8575,2.13,3.2625,2.13,2.13,7.25,5,3.7,2.13,8.5,2.83,2.89,2.13,2.13,2.13,2.13,2.13,2.13,3.95275,8.67,2.33,5.800000000000001,2.13
,2012/01/01,2.13,7.75,2.13,2.63,4.65,8,4.619999999999999,5.69,2.77,2.23,4.65,2.13,7,4.35,3.35,4.95,2.13,2.13,2.13,2.13,2.63,3.625,3.75,2.65,7.25,3.627,2.13,7.65,2.13,4.8575,2.13,3.2625,2.13,2.13,7.25,5,3.85,2.13,8.8,2.83,2.89,2.13,2.13,2.13,2.13,2.13,2.13,4.1031,9.04,2.33,5.800000000000001,2.13
,2012/02/01,2.13,7.75,2.13,2.63,4.65,8,4.619999999999999,5.69,2.77,2.23,4.65,2.13,7,4.35,3.35,4.95,2.13,2.13,2.13,2.13,2.63,3.625,3.75,2.65,7.25,3.627,2.13,7.65,2.13,4.8575,2.13,3.2625,2.13,2.13,7.25,5,3.85,2.13,8.8,2.83,2.89,2.13,2.13,2.13,2.13,2.13,2.13,4.1031,9.04,2.33,5.800000000000001,2.13
,2012/03/01,2.13,7.75,2.13,2.63,4.65,8,4.619999999999999,5.69,2.77,2.23,4.65,2.13,7,4.35,3.35,4.95,2.13,2.13,2.13,2.13,2.63,3.625,3.75,2.65,7.25,3.627,2.13,7.65,2.13,4.8575,2.13,3.2625,2.13,2.13,7.25,5,3.85,2.13,8.8,2.83,2.89,2.13,2.13,2.13,2.13,2.13,2.13,4.1031,9.04,2.33,5.800000000000001,2.13
,2012/04/01,2.13,7.75,2.13,2.63,4.65,8,4.619999999999999,5.69,2.77,2.23,4.65,2.13,7,4.35,3.35,4.95,2.13,2.13,2.13,2.13,2.63,3.625,3.75,2.65,7.25,3.627,2.13,7.65,2.13,4.8575,2.13,3.2625,2.13,2.13,7.25,5,3.85,2.13,8.8,2.83,2.89,2.13,2.13,2.13,2.13,2.13,2.13,4.1031,9.04,2.33,5.800000000000001,2.13
,2012/05/01,2.13,7.75,2.13,2.63,4.65,8,4.619999999999999,5.69,2.77,2.23,4.65,2.13,7,4.35,3.35,4.95,2.13,2.13,2.13,2.13,2.63,3.625,3.75,2.65,7.25,3.627,2.13,7.65,2.13,4.8575,2.13,3.2625,2.13,2.13,7.25,5,3.85,2.13,8.8,2.83,2.89,2.13,2.13,2.13,2.13,2.13,2.13,4.1031,9.04,2.33,5.800000000000001,2.13
,2012/06/01,2.13,7.75,2.13,2.63,4.65,8,4.619999999999999,5.69,2.77,2.23,4.65,2.13,7,4.35,3.35,4.95,2.13,2.13,2.13,2.13,2.63,3.625,3.75,2.65,7.25,3.627,2.13,7.65,2.13,4.8575,2.13,3.2625,2.13,2.13,7.25,5,3.85,2.13,8.8,2.83,2.89,2.13,2.13,2.13,2.13,2.13,2.13,4.1031,9.04,2.33,5.800000000000001,2.13
,2012/07/01,2.13,7.75,2.13,2.63,4.65,8,4.619999999999999,5.69,2.77,2.23,4.65,2.13,7,4.35,3.35,4.95,2.13,2.13,2.13,2.13,2.63,3.625,3.75,2.65,7.25,3.627,2.13,7.65,2.13,4.8575,2.13,3.2625,2.13,2.13,7.25,5,3.85,2.13,8.8,2.83,2.89,2.13,2.13,2.13,2.13,2.13,2.13,4.1031,9.04,2.33,5.800000000000001,2.13
,2012/08/01,2.13,7.75,2.13,2.63,4.65,8,4.619999999999999,5.69,2.77,2.23,4.65,2.13,7,4.35,3.35,4.95,2.13,2.13,2.13,2.13,2.63,3.625,3.75,2.65,7.25,3.627,2.13,7.65,2.13,4.8575,2.13,3.2625,2.13,2.13,7.25,5,3.85,2.13,8.8,2.83,2.89,2.13,2.13,2.13,2.13,2.13,2.13,4.1031,9.04,2.33,5.800000000000001,2.13
,2012/09/01,2.13,7.75,2.13,2.63,4.65,8,4.619999999999999,5.69,2.77,2.23,4.65,2.13,7,4.35,3.35,4.95,2.13,2.13,2.13,2.13,2.63,3.625,3.75,2.65,7.25,3.627,2.13,7.65,2.13,4.8575,2.13,3.2625,2.13,2.13,7.25,5,3.85,2.13,8.8,2.83,2.89,2.13,2.13,2.13,2.13,2.13,2.13,4.1031,9.04,2.33,5.800000000000001,2.13
,2012/10/01,2.13,7.75,2.13,2.63,4.65,8,4.619999999999999,5.69,2.77,2.23,4.65,2.13,7,4.35,3.35,4.95,2.13,2.13,2.13,2.13,2.63,3.625,3.75,2.65,7.25,3.627,2.13,7.65,2.13,4.8575,2.13,3.2625,2.13,2.13,7.25,5,3.85,2.13,8.8,2.83,2.89,2.13,2.13,2.13,2.13,2.13,2.13,4.1031,9.04,2.33,5.800000000000001,2.13
,2012/11/01,2.13,7.75,2.13,2.63,4.65,8,4.619999999999999,5.69,2.77,2.23,4.65,2.13,7,4.35,3.35,4.95,2.13,2.13,2.13,2.13,2.63,3.625,3.75,2.65,7.25,3.627,2.13,7.65,2.13,4.8575,2.13,3.2625,2.13,2.13,7.25,5,3.85,2.13,8.8,2.83,2.89,2.13,2.13,2.13,2.13,2.13,2.13,4.1031,9.04,2.33,5.800000000000001,2.13
,2012/12/01,2.13,7.75,2.13,2.63,4.65,8,4.619999999999999,5.69,2.77,2.23,4.65,2.13,7,4.35,3.35,4.95,2.13,2.13,2.13,2.13,2.63,3.625,3.75,2.65,7.25,3.627,2.13,7.65,2.13,4.8575,2.13,3.2625,2.13,2.13,7.25,5,3.85,2.13,8.8,2.83,2.89,2.13,2.13,2.13,2.13,2.13,2.13,4.1031,9.04,2.33,5.800000000000001,2.13
,2013/01/01,2.13,7.75,2.13,2.63,4.8,8,4.76,5.69,2.77,2.23,4.77,2.13,7,4.35,3.35,4.95,2.13,2.13,2.13,2.13,2.63,3.625,3.75,2.65,7.25,3.675,2.13,7.8,2.13,4.8575,2.13,3.2625,2.13,2.13,7.25,5,3.925,2.13,8.95,2.83,2.89,2.13,2.13,2.13,2.13,2.13,2.13,4.170999999999999,9.19,2.33,5.800000000000001,2.13
,2013/02/01,2.13,7.75,2.13,2.63,4.8,8,4.76,5.69,2.77,2.23,4.77,2.13,7,4.35,3.35,4.95,2.13,2.13,2.13,2.13,2.63,3.625,3.75,2.65,7.25,3.675,2.13,7.8,2.13,4.8575,2.13,3.2625,2.13,2.13,7.25,5,3.925,2.13,8.95,2.83,2.89,2.13,2.13,2.13,2.13,2.13,2.13,4.170999999999999,9.19,2.33,5.800000000000001,2.13
,2013/03/01,2.13,7.75,2.13,2.63,4.8,8,4.76,5.69,2.77,2.23,4.77,2.13,7,4.35,3.35,4.95,2.13,2.13,2.13,2.13,2.63,3.625,3.75,2.65,7.25,3.675,2.13,7.8,2.13,4.8575,2.13,3.2625,2.13,2.13,7.25,5,3.925,2.13,8.95,2.83,2.89,2.13,2.13,2.13,2.13,2.13,2.13,4.170999999999999,9.19,2.33,5.800000000000001,2.13
,2013/04/01,2.13,7.75,2.13,2.63,4.8,8,4.76,5.69,2.77,2.23,4.77,2.13,7,4.35,3.35,4.95,2.13,2.13,2.13,2.13,2.63,3.625,3.75,2.65,7.25,3.675,2.13,7.8,2.13,4.8575,2.13,3.2625,2.13,2.13,7.25,5,3.925,2.13,8.95,2.83,2.89,2.13,2.13,2.13,2.13,2.13,2.13,4.170999999999999,9.19,2.33,5.800000000000001,2.13
,2013/05/01,2.13,7.75,2.13,2.63,4.8,8,4.76,5.69,2.77,2.23,4.77,2.13,7,4.35,3.35,4.95,2.13,2.13,2.13,2.13,2.63,3.625,3.75,2.65,7.25,3.675,2.13,7.8,2.13,4.8575,2.13,3.2625,2.13,2.13,7.25,5,3.925,2.13,8.95,2.83,2.89,2.13,2.13,2.13,2.13,2.13,2.13,4.170999999999999,9.19,2.33,5.800000000000001,2.13
,2013/06/01,2.13,7.75,2.13,2.63,4.8,8,4.76,5.69,2.77,2.23,4.77,2.13,7,4.35,3.35,4.95,2.13,2.13,2.13,2.13,2.63,3.625,3.75,2.65,7.25,3.675,2.13,7.8,2.13,4.8575,2.13,3.2625,2.13,2.13,7.25,5,3.925,2.13,8.95,2.83,2.89,2.13,2.13,2.13,2.13,2.13,2.13,4.170999999999999,9.19,2.33,5.800000000000001,2.13
,2013/07/01,2.13,7.75,2.13,2.63,4.8,8,4.76,5.69,2.77,2.23,4.77,2.13,7,4.35,3.35,4.95,2.13,2.13,2.13,2.13,2.63,3.625,3.75,2.65,7.25,3.675,2.13,7.8,2.13,4.8575,2.13,3.2625,2.13,2.13,7.25,5,3.925,2.13,8.95,2.83,2.89,2.13,2.13,2.13,2.13,2.13,2.13,4.170999999999999,9.19,2.33,5.800000000000001,2.13
,2013/08/01,2.13,7.75,2.13,2.63,4.8,8,4.76,5.69,2.77,2.23,4.77,2.13,7,4.35,3.35,4.95,2.13,2.13,2.13,2.13,2.63,3.625,3.75,2.65,7.25,3.675,2.13,7.8,2.13,4.8575,2.13,3.2625,2.13,2.13,7.25,5,3.925,2.13,8.95,2.83,2.89,2.13,2.13,2.13,2.13,2.13,2.13,4.170999999999999,9.19,2.33,5.800000000000001,2.13
,2013/09/01,2.13,7.75,2.13,2.63,4.8,8,4.76,5.69,2.77,2.23,4.77,2.13,7,4.35,3.35,4.95,2.13,2.13,2.13,2.13,2.63,3.625,3.75,2.65,7.25,3.675,2.13,7.8,2.13,4.8575,2.13,3.2625,2.13,2.13,7.25,5,3.925,2.13,8.95,2.83,2.89,2.13,2.13,2.13,2.13,2.13,2.13,4.170999999999999,9.19,2.33,5.800000000000001,2.13
,2013/10/01,2.13,7.75,2.13,2.63,4.8,8,4.76,5.69,2.77,2.23,4.77,2.13,7,4.35,3.35,4.95,2.13,2.13,2.13,2.13,2.63,3.625,3.75,2.65,7.25,3.675,2.13,7.8,2.13,4.8575,2.13,3.2625,2.13,2.13,7.25,5,3.925,2.13,8.95,2.83,2.89,2.13,2.13,2.13,2.13,2.13,2.13,4.170999999999999,9.19,2.33,5.800000000000001,2.13
,2013/11/01,2.13,7.75,2.13,2.63,4.8,8,4.76,5.69,2.77,2.23,4.77,2.13,7,4.35,3.35,4.95,2.13,2.13,2.13,2.13,2.63,3.625,3.75,2.65,7.25,3.675,2.13,7.8,2.13,4.8575,2.13,3.2625,2.13,2.13,7.25,5,3.925,2.13,8.95,2.83,2.89,2.13,2.13,2.13,2.13,2.13,2.13,4.170999999999999,9.19,2.33,5.800000000000001,2.13
,2013/12/01,2.13,7.75,2.13,2.63,4.8,8,4.76,5.69,2.77,2.23,4.77,2.13,7,4.35,3.35,4.95,2.13,2.13,2.13,2.13,2.63,3.625,3.75,2.65,7.25,3.675,2.13,7.8,2.13,4.8575,2.13,3.2625,2.13,2.13,7.25,5,3.925,2.13,8.95,2.83,2.89,2.13,2.13,2.13,2.13,2.13,2.13,4.170999999999999,9.19,2.33,5.800000000000001,2.13
,2014/01/01,2.13,7.75,2.13,2.63,4.9,8,4.98,5.69,2.77,2.23,4.91,2.13,7,4.35,3.35,4.95,2.13,2.13,2.13,2.13,2.63,3.625,3.75,2.65,7.25,3.75,2.13,7.9,2.13,4.8575,2.13,3.2625,2.13,2.13,8.25,5.65,3.975,2.13,9.1,2.83,2.89,2.13,2.13,2.13,2.13,2.13,2.13,4.23405,9.32,2.33,5.800000000000001,2.13
,2014/02/01,2.13,7.75,2.13,2.63,4.9,8,4.98,5.69,2.77,2.23,4.91,2.13,7,4.35,3.35,4.95,2.13,2.13,2.13,2.13,2.63,3.625,3.75,2.65,7.25,3.75,2.13,7.9,2.13,4.8575,2.13,3.2625,2.13,2.13,8.25,5.65,3.975,2.13,9.1,2.83,2.89,2.13,2.13,2.13,2.13,2.13,2.13,4.23405,9.32,2.33,5.800000000000001,2.13
,2014/03/01,2.13,7.75,2.13,2.63,4.9,8,4.98,5.69,2.77,2.23,4.91,2.13,7,4.35,3.35,4.95,2.13,2.13,2.13,2.13,2.63,3.625,3.75,2.65,7.25,3.75,2.13,7.9,2.13,4.8575,2.13,3.2625,2.13,2.13,8.25,5.65,3.975,2.13,9.1,2.83,2.89,2.13,2.13,2.13,2.13,2.13,2.13,4.23405,9.32,2.33,5.800000000000001,2.13
,2014/04/01,2.13,7.75,2.13,2.63,4.9,8,4.98,5.69,2.77,2.23,4.91,2.13,7,4.35,3.35,4.95,2.13,2.13,2.13,2.13,2.63,3.625,3.75,2.65,7.25,3.75,2.13,7.9,2.13,4.8575,2.13,3.2625,2.13,2.13,8.25,5.65,3.975,2.13,9.1,2.83,2.89,2.13,2.13,2.13,2.13,2.13,2.13,4.23405,9.32,2.33,5.800000000000001,2.13
,2014/05/01,2.13,7.75,2.13,2.63,4.9,8,4.98,5.69,2.77,2.23,4.91,2.13,7,4.35,3.35,4.95,2.13,2.13,2.13,2.13,2.63,3.625,3.75,2.65,7.25,3.75,2.13,7.9,2.13,4.8575,2.13,3.2625,2.13,2.13,8.25,5.65,3.975,2.13,9.1,2.83,2.89,2.13,2.13,2.13,2.13,2.13,2.13,4.23405,9.32,2.33,5.800000000000001,2.13
,2014/06/01,2.13,7.75,2.13,2.63,4.9,8,4.98,5.69,2.77,2.23,4.91,2.13,7,4.35,3.35,4.95,2.13,2.13,2.13,2.13,2.63,3.625,3.75,2.65,7.25,3.75,2.13,7.9,2.13,4.8575,2.13,3.2625,2.13,2.13,8.25,5.65,3.975,2.13,9.1,2.83,2.89,2.13,2.13,2.13,2.13,2.13,2.13,4.23405,9.32,2.33,5.800000000000001,2.13
,2014/07/01,2.13,7.75,2.13,2.63,4.9,9,4.98,5.69,2.77,2.23,4.91,2.13,7,4.35,3.35,4.95,2.13,2.13,2.13,2.13,2.63,3.625,3.75,2.65,7.25,3.75,2.13,7.9,2.13,4.8575,2.13,3.2625,2.13,2.13,8.25,5.65,3.975,2.13,9.1,2.83,2.89,2.13,2.13,2.13,2.13,2.13,2.13,4.23405,9.32,2.33,5.800000000000001,2.13
,2014/08/01,2.13,7.75,2.13,2.63,4.9,9,4.98,5.69,2.77,2.23,4.91,2.13,7,4.35,3.35,4.95,2.13,2.13,2.13,2.13,2.63,3.625,3.75,2.65,8,3.75,2.13,7.9,2.13,4.8575,2.13,3.2625,2.13,2.13,8.25,5.65,3.975,2.13,9.1,2.83,2.89,2.13,2.13,2.13,2.13,2.13,2.13,4.23405,9.32,2.33,5.800000000000001,2.13
,2014/09/01,2.13,7.75,2.13,2.63,4.9,9,4.98,5.69,2.77,2.23,4.91,2.13,7,4.35,3.35,4.95,2.13,2.13,2.13,2.13,2.63,3.625,3.75,3.1,8,3.75,2.13,7.9,2.13,4.8575,2.13,3.2625,2.13,2.13,8.25,5.65,3.975,2.13,9.1,2.83,2.89,2.13,2.13,2.13,2.13,2.13,2.13,4.23405,9.32,2.33,5.800000000000001,2.13
,2014/10/01,2.13,7.75,2.13,2.63,4.9,9,4.98,5.69,2.77,2.23,4.91,2.13,7,4.35,3.35,4.95,2.13,2.13,2.13,2.13,2.63,3.625,3.75,3.1,8,3.75,2.13,7.9,2.13,4.8575,2.13,3.2625,2.13,2.13,8.25,5.65,3.975,2.13,9.1,2.83,2.89,2.13,2.13,2.13,2.13,2.13,2.13,4.23405,9.32,2.33,5.800000000000001,2.13
,2014/11/01,2.13,7.75,2.13,2.63,4.9,9,4.98,5.69,2.77,2.23,4.91,2.13,7,4.35,3.35,4.95,2.13,2.13,2.13,2.13,2.63,3.625,3.75,3.1,8,3.75,2.13,7.9,2.13,4.8575,2.13,3.2625,2.13,2.13,8.25,5.65,3.975,2.13,9.1,2.83,2.89,2.13,2.13,2.13,2.13,2.13,2.13,4.23405,9.32,2.33,5.800000000000001,2.13
,2014/12/01,2.13,7.75,2.13,2.63,4.9,9,4.98,5.69,2.77,2.23,4.91,2.13,7,4.35,3.35,4.95,2.13,2.13,2.13,2.13,2.63,3.625,3.75,3.1,8,3.75,2.13,7.9,2.13,4.8575,2.13,3.2625,2.13,2.13,8.25,5.65,3.975,2.13,9.1,2.83,2.89,2.13,2.13,2.13,2.13,2.13,2.13,4.23405,9.32,2.33,5.800000000000001,2.13
,2015/01/01,2.13,7.75,2.13,2.63,5.050000000000001,9,5.210000000000001,5.7828,2.77,2.23,5.030000000000001,2.13,7.25,4.35,3.35,4.95,2.13,2.13,2.13,2.13,3,3.63,3.75,3.1,8,3.825,2.13,8.05,2.13,4.8575,2.13,3.2625,2.13,2.13,8.25,5.65,4.05,2.13,9.25,2.83,2.89,2.13,4.25,2.13,2.13,2.13,2.13,4.575,9.47,2.33,2.4,2.13
,2015/02/01,2.13,8.75,2.13,2.63,5.050000000000001,9,5.210000000000001,5.7828,2.77,2.23,5.030000000000001,2.13,7.25,4.35,3.35,4.95,2.13,2.13,2.13,2.13,3,3.63,3.75,3.1,8,3.825,2.13,8.05,2.13,4.8575,2.13,3.2625,2.13,2.13,8.25,5.65,4.05,2.13,9.25,2.83,2.89,2.13,4.25,2.13,2.13,2.13,2.13,4.575,9.47,2.33,2.4,2.13
,2015/03/01,2.13,8.75,2.13,2.63,5.050000000000001,9,5.210000000000001,5.7828,2.77,2.23,5.030000000000001,2.13,7.25,4.35,3.35,4.95,2.13,2.13,2.13,2.13,3,3.63,3.75,3.1,8,3.825,2.13,8.05,2.13,4.8575,2.13,3.2625,2.13,2.13,8.25,5.65,4.05,2.13,9.25,2.83,2.89,2.13,4.25,2.13,2.13,2.13,2.13,4.575,9.47,2.33,2.4,2.13
,2015/04/01,2.13,8.75,2.13,2.63,5.050000000000001,9,5.210000000000001,5.7828,2.77,2.23,5.030000000000001,2.13,7.25,4.35,3.35,4.95,2.13,2.13,2.13,2.13,3,3.63,3.75,3.1,8,3.825,2.13,8.05,2.13,4.8575,2.13,3.2625,2.13,2.13,8.25,5.65,4.05,2.13,9.25,2.83,2.89,2.13,4.25,2.13,2.13,2.13,2.13,4.575,9.47,2.33,2.4,2.13
,2015/05/01,2.13,8.75,2.13,2.63,5.050000000000001,9,5.210000000000001,5.7828,2.77,2.23,5.030000000000001,2.13,7.25,4.35,3.35,4.95,2.13,2.13,2.13,2.13,3,3.63,3.75,3.1,8,3.825,2.13,8.05,2.13,4.8575,2.13,3.2625,2.13,2.13,8.25,5.65,4.05,2.13,9.25,2.83,2.89,2.13,4.25,2.13,2.13,2.13,2.13,4.575,9.47,2.33,2.4,2.13
,2015/06/01,2.13,8.75,2.13,2.63,5.050000000000001,9,5.210000000000001,5.7828,2.77,2.23,5.030000000000001,2.13,7.25,4.35,3.35,4.95,2.13,2.13,2.13,2.13,3,3.63,3.75,3.1,8,3.825,2.13,8.05,2.13,4.8575,2.13,3.2625,2.13,2.13,8.25,5.65,4.05,2.13,9.25,2.83,2.89,2.13,4.25,2.13,2.13,2.13,2.13,4.575,9.47,2.33,2.4,2.13
,2015/07/01,2.13,8.75,2.13,2.63,5.050000000000001,9,5.210000000000001,5.7828,2.77,2.23,5.030000000000001,2.13,7.25,4.35,3.35,4.95,2.13,2.13,2.13,2.13,3,3.63,3.75,3.1,8,3.825,2.13,8.05,2.13,4.8575,2.13,3.2625,2.13,2.13,8.25,5.65,4.05,2.13,9.25,2.83,2.89,2.13,4.25,2.13,2.13,2.13,2.13,4.575,9.47,2.33,2.4,2.13
,2015/08/01,2.13,8.75,2.13,2.63,5.050000000000001,9,5.210000000000001,5.7828,2.77,2.23,5.030000000000001,2.13,7.25,4.35,3.35,4.95,2.13,2.13,2.13,2.13,3,3.63,3.75,3.1,9,3.825,2.13,8.05,2.13,4.8575,2.13,3.2625,2.13,2.13,8.25,5.65,4.05,2.13,9.25,2.83,2.89,2.13,4.25,2.13,2.13,2.13,2.13,4.575,9.47,2.33,2.4,2.13
,2015/09/01,2.13,8.75,2.13,2.63,5.050000000000001,9,5.210000000000001,5.7828,2.77,2.23,5.030000000000001,2.13,7.25,4.35,3.35,4.95,2.13,2.13,2.13,2.13,3,3.63,3.75,3.1,9,3.825,2.13,8.05,2.13,4.8575,2.13,3.2625,2.13,2.13,8.25,5.65,4.05,2.13,9.25,2.83,2.89,2.13,4.25,2.13,2.13,2.13,2.13,4.575,9.47,2.33,2.4,2.13
,2015/10/01,2.13,8.75,2.13,2.63,5.050000000000001,9,5.210000000000001,5.7828,2.77,2.23,5.030000000000001,2.13,7.25,4.35,3.35,4.95,2.13,2.13,2.13,2.13,3,3.63,3.75,3.1,9,3.825,2.13,8.05,2.13,4.8575,2.13,3.2625,2.13,2.13,8.25,5.65,4.05,2.13,9.25,2.83,2.89,2.13,4.25,2.13,2.13,2.13,2.13,4.575,9.47,2.33,2.4,2.13
,2015/11/01,2.13,8.75,2.13,2.63,5.050000000000001,9,5.210000000000001,5.7828,2.77,2.23,5.030000000000001,2.13,7.25,4.35,3.35,4.95,2.13,2.13,2.13,2.13,3,3.63,3.75,3.1,9,3.825,2.13,8.05,2.13,4.8575,2.13,3.2625,2.13,2.13,8.25,5.65,4.05,2.13,9.25,2.83,2.89,2.13,4.25,2.13,2.13,2.13,2.13,4.575,9.47,2.33,2.4,2.13
,2015/12/01,2.13,8.75,2.13,2.63,5.050000000000001,9,5.210000000000001,5.7828,2.77,2.23,5.030000000000001,2.13,7.25,4.35,3.35,4.95,2.13,2.13,2.13,2.13,3,3.63,3.75,3.1,9,3.825,2.13,8.05,2.13,4.8575,2.13,3.2625,2.13,2.13,8.25,5.65,4.05,2.13,9.25,2.83,2.89,2.13,4.25,2.13,2.13,2.13,2.13,4.575,9.47,2.33,2.4,2.13
240.0075,2016/01/01,2.13,9.75,2.13,2.63,5.050000000000001,10,5.290000000000001,6.0672,2.77,2.23,5.030000000000001,2.13,7.75,4.35,3.35,4.95,2.13,2.13,2.13,2.13,3.35,3.63,3.75,3.23,9,3.825,2.13,8.05,2.13,4.8575,2.13,3.2625,2.13,2.13,8.25,7.5,4.05,2.13,9.25,2.83,3.39,2.13,4.275,2.13,2.13,2.13,2.13,4.8,9.47,2.33,2.625,2.13
,2016/02/01,2.13,9.75,2.13,2.63,5.050000000000001,10,5.290000000000001,6.0672,2.77,2.23,5.030000000000001,2.13,7.75,4.35,3.35,4.95,2.13,2.13,2.13,2.13,3.35,3.63,3.75,3.23,9,3.825,2.13,8.05,2.13,4.8575,2.13,3.2625,2.13,2.13,8.25,7.5,4.05,2.13,9.25,2.83,3.39,2.13,4.275,2.13,2.13,2.13,2.13,4.8,9.47,2.33,2.625,2.13
,2016/03/01,2.13,9.75,2.13,2.63,5.050000000000001,10,5.290000000000001,6.0672,2.77,2.23,5.030000000000001,2.13,7.75,4.35,3.35,4.95,2.13,2.13,2.13,2.13,3.35,3.63,3.75,3.23,9,3.825,2.13,8.05,2.13,4.8575,2.13,3.2625,2.13,2.13,8.25,7.5,4.05,2.13,9.25,2.83,3.39,2.13,4.275,2.13,2.13,2.13,2.13,4.8,9.47,2.33,2.625,2.13
,2016/04/01,2.13,9.75,2.13,2.63,5.050000000000001,10,5.290000000000001,6.0672,2.77,2.23,5.030000000000001,2.13,7.75,4.35,3.35,4.95,2.13,2.13,2.13,2.13,3.35,3.63,3.75,3.23,9,3.825,2.13,8.05,2.13,4.8575,2.13,3.2625,2.13,2.13,8.25,7.5,4.05,2.13,9.25,2.83,3.39,2.13,4.275,2.13,2.13,2.13,2.13,4.8,9.47,2.33,2.625,2.13
,2016/05/01,2.13,9.75,2.13,2.63,5.050000000000001,10,5.290000000000001,6.0672,2.77,2.23,5.030000000000001,2.13,7.75,4.35,3.35,4.95,2.13,2.13,2.13,2.13,3.35,3.63,3.75,3.23,9,3.825,2.13,8.05,2.13,4.8575,2.13,3.2625,2.13,2.13,8.25,7.5,4.05,2.13,9.25,2.83,3.39,2.13,4.275,2.13,2.13,2.13,2.13,4.8,9.47,2.33,2.625,2.13
,2016/06/01,2.13,9.75,2.13,2.63,5.050000000000001,10,5.290000000000001,6.0672,2.77,2.23,5.030000000000001,2.13,7.75,4.35,3.35,4.95,2.13,2.13,2.13,2.13,3.35,3.63,3.75,3.23,9,3.825,2.13,8.05,2.13,4.8575,2.13,3.2625,2.13,2.13,8.25,7.5,4.05,2.13,9.25,2.83,3.39,2.13,4.275,2.13,2.13,2.13,2.13,4.8,9.47,2.33,2.625,2.13
,2016/07/01,2.13,9.75,2.13,2.63,5.050000000000001,10,5.290000000000001,6.0672,2.77,2.23,5.030000000000001,2.13,7.75,4.35,3.35,4.95,2.13,2.13,2.13,2.13,3.35,3.63,3.75,3.23,9,3.825,2.13,8.05,2.13,4.8575,2.13,3.2625,2.13,2.13,8.25,7.5,4.05,2.13,9.75,2.83,3.39,2.13,4.275,2.13,2.13,2.13,2.13,4.8,9.47,2.33,2.625,2.13
,2016/08/01,2.13,9.75,2.13,2.63,5.050000000000001,10,5.290000000000001,6.0672,2.77,2.23,5.030000000000001,2.13,7.75,4.35,3.35,4.95,2.13,2.13,2.13,2.13,3.35,3.63,3.75,3.23,9.5,3.825,2.13,8.05,2.13,4.8575,2.13,3.2625,2.13,2.13,8.25,7.5,4.05,2.13,9.75,2.83,3.39,2.13,4.275,2.13,2.13,2.13,2.13,4.8,9.47,2.33,2.625,2.13
,2016/09/01,2.13,9.75,2.13,2.63,5.050000000000001,10,5.290000000000001,6.0672,2.77,2.23,5.030000000000001,2.13,7.75,4.35,3.35,4.95,2.13,2.13,2.13,2.13,3.35,3.63,3.75,3.23,9.5,3.825,2.13,8.05,2.13,4.8575,2.13,3.2625,2.13,2.13,8.25,7.5,4.05,2.13,9.75,2.83,3.39,2.13,4.275,2.13,2.13,2.13,2.13,4.8,9.47,2.33,2.625,2.13
,2016/10/01,2.13,9.75,2.13,2.63,5.050000000000001,10,5.290000000000001,6.0672,2.77,2.23,5.030000000000001,2.13,7.75,4.35,3.35,4.95,2.13,2.13,2.13,2.13,3.35,3.63,3.75,3.23,9.5,3.825,2.13,8.05,2.13,4.8575,2.13,3.2625,2.13,2.13,8.25,7.5,4.05,2.13,9.75,2.83,3.39,2.13,4.275,2.13,2.13,2.13,2.13,4.8,9.47,2.33,2.625,2.13
,2016/11/01,2.13,9.75,2.13,2.63,5.050000000000001,10,5.290000000000001,6.0672,2.77,2.23,5.030000000000001,2.13,7.75,4.35,3.35,4.95,2.13,2.13,2.13,2.13,3.35,3.63,3.75,3.23,9.5,3.825,2.13,8.05,2.13,4.8575,2.13,3.2625,2.13,2.13,8.25,7.5,4.05,2.13,9.75,2.83,3.39,2.13,4.275,2.13,2.13,2.13,2.13,4.8,9.47,2.33,2.625,2.13
,2016/12/01,2.13,9.75,2.13,2.63,5.050000000000001,10,5.290000000000001,6.0672,2.77,2.23,5.030000000000001,2.13,7.75,4.35,3.35,4.95,2.13,2.13,2.13,2.13,3.35,3.63,3.75,3.23,9.5,3.825,2.13,8.05,2.13,4.8575,2.13,3.2625,2.13,2.13,8.25,7.5,4.05,2.13,9.75,2.83,3.39,2.13,4.275,2.13,2.13,2.13,2.13,4.8,9.47,2.33,2.625,2.13
245.134,2017/01/01,2.13,9.8,2.13,2.63,7,10.5,6.280000000000001,6.3831999999999995,2.77,2.23,5.08,2.13,8.5,4.35,3.35,4.95,2.13,2.13,2.13,2.13,3.75,3.63,5,3.38,9.5,3.85,2.13,8.200000000000001,2.13,4.8575,2.13,3.2625,2.13,2.13,8.25,7.5,4.075,2.13,9.75,2.83,3.89,2.13,4.325,2.13,2.13,2.13,2.13,5,11,2.33,2.625,2.13
,2017/02/01,2.13,9.8,2.13,2.63,7,10.5,6.280000000000001,6.3831999999999995,2.77,2.23,5.08,2.13,8.5,4.35,3.35,4.95,2.13,2.13,2.13,2.13,3.75,3.63,5,3.38,9.5,3.85,2.13,8.15,2.13,4.8575,2.13,3.2625,2.13,2.13,8.25,7.5,4.075,2.13,9.75,2.83,3.89,2.13,4.325,2.13,2.13,2.13,2.13,5,11,2.33,2.625,2.13
,2017/03/01,2.13,9.8,2.13,2.63,7,10.5,6.280000000000001,6.3831999999999995,2.77,2.23,5.08,2.13,8.5,4.35,3.35,4.95,2.13,2.13,2.13,2.13,3.75,3.63,5,3.38,9.5,3.85,2.13,8.15,2.13,4.8575,2.13,3.2625,2.13,2.13,8.25,7.5,4.075,2.13,9.75,2.83,3.89,2.13,4.325,2.13,2.13,2.13,2.13,5,11,2.33,2.625,2.13
,2017/04/01,2.13,9.8,2.13,2.63,7,10.5,6.280000000000001,6.3831999999999995,2.77,2.23,5.08,2.13,8.5,4.35,3.35,4.95,2.13,2.13,2.13,2.13,3.75,3.63,5,3.38,9.5,3.85,2.13,8.15,2.13,4.8575,2.13,3.2625,2.13,2.13,8.25,7.5,4.075,2.13,9.75,2.83,3.89,2.13,4.325,2.13,2.13,2.13,2.13,5,11,2.33,2.625,2.13
,2017/05/01,2.13,9.8,2.13,2.63,7,10.5,6.280000000000001,6.3831999999999995,2.77,2.23,5.08,2.13,8.5,4.35,3.35,4.95,2.13,2.13,2.13,2.13,3.75,3.63,5,3.38,9.5,3.85,2.13,8.15,2.13,4.8575,2.13,3.2625,2.13,2.13,8.25,7.5,4.075,2.13,9.75,2.83,3.89,2.13,4.325,2.13,2.13,2.13,2.13,5,11,2.33,2.625,2.13
,2017/06/01,2.13,9.8,2.13,2.63,7,10.5,6.280000000000001,6.3831999999999995,2.77,2.23,5.08,2.13,8.5,4.35,3.35,4.95,2.13,2.13,2.13,2.13,3.75,3.63,5,3.38,9.5,3.85,2.13,8.15,2.13,4.8575,2.13,3.2625,2.13,2.13,8.25,7.5,4.075,2.13,9.75,2.83,3.89,2.13,4.325,2.13,2.13,2.13,2.13,5,11,2.33,2.625,2.13
,2017/07/01,2.13,9.8,2.13,2.63,7,10.5,6.280000000000001,6.3831999999999995,3.33,2.23,5.08,2.13,8.5,4.35,3.35,4.95,2.13,2.13,2.13,2.13,3.75,3.63,5,3.38,9.5,3.85,2.13,8.15,2.13,4.8575,2.13,3.2625,2.13,2.13,8.25,7.5,4.075,2.13,10.25,2.83,3.89,2.13,4.325,2.13,2.13,2.13,2.13,5,11,2.33,2.625,2.13
,2017/08/01,2.13,9.8,2.13,2.63,7,10.5,6.280000000000001,6.3831999999999995,3.33,2.23,5.08,2.13,8.5,4.35,3.35,4.95,2.13,2.13,2.13,2.13,3.75,3.63,5,3.38,9.5,3.85,2.13,8.15,2.13,4.8575,2.13,3.2625,2.13,2.13,8.25,7.5,4.075,2.13,10.25,2.83,3.89,2.13,4.325,2.13,2.13,2.13,2.13,5,11,2.33,2.625,2.13
,2017/09/01,2.13,9.8,2.13,2.63,7,10.5,6.280000000000001,6.3831999999999995,3.33,2.23,5.08,2.13,8.5,4.35,3.35,4.95,2.13,2.13,2.13,2.13,3.75,3.63,5,3.38,9.5,3.85,2.13,8.15,2.13,4.8575,2.13,3.2625,2.13,2.13,8.25,7.5,4.075,2.13,10.25,2.83,3.89,2.13,4.325,2.13,2.13,2.13,2.13,5,11,2.33,2.625,2.13
,2017/10/01,2.13,9.8,2.13,2.63,7,10.5,6.280000000000001,6.3831999999999995,3.33,2.23,5.08,2.13,8.5,4.35,3.35,4.95,2.13,2.13,2.13,2.13,3.75,3.63,5,3.38,9.5,3.85,2.13,8.15,2.13,4.8575,2.13,3.2625,2.13,2.13,8.25,7.5,4.075,2.13,10.25,2.83,3.89,2.13,4.325,2.13,2.13,2.13,2.13,5,11,2.33,2.625,2.13
,2017/11/01,2.13,9.8,2.13,2.63,7,10.5,6.280000000000001,6.3831999999999995,3.33,2.23,5.08,2.13,8.5,4.35,3.35,4.95,2.13,2.13,2.13,2.13,3.75,3.63,5,3.38,9.5,3.85,2.13,8.15,2.13,4.8575,2.13,3.2625,2.13,2.13,8.25,7.5,4.075,2.13,10.25,2.83,3.89,2.13,4.325,2.13,2.13,2.13,2.13,5,11,2.33,2.625,2.13
,2017/12/01,2.13,9.8,2.13,2.63,7,10.5,6.280000000000001,6.3831999999999995,3.33,2.23,5.08,2.13,8.5,4.35,3.35,4.95,2.13,2.13,2.13,2.13,3.75,3.63,5,3.38,9.5,3.85,2.13,8.15,2.13,4.8575,2.13,3.2625,2.13,2.13,8.25,7.5,4.075,2.13,10.25,2.83,3.89,2.13,4.325,2.13,2.13,2.13,2.13,5,11,2.33,2.625,2.13
251.104,2018/01/01,2.13,9.84,2.13,2.63,7.5,11,7.18,6.3831999999999995,3.33,2.23,5.23,2.13,9.35,4.35,3.35,4.95,2.13,2.13,2.13,2.13,3.75,3.63,5,3.52,9.65,3.9250000000000003,2.13,8.3,2.13,4.8575,2.13,3.2625,2.13,2.13,8.25,7.5,4.15,2.13,10.25,2.83,3.89,2.13,4.425,2.13,2.13,2.13,2.13,5.25,11.5,2.33,2.625,2.13
,2018/02/01,2.13,9.84,2.13,2.63,7.5,11,7.18,6.3831999999999995,3.33,2.23,5.23,2.13,9.35,4.35,3.35,4.95,2.13,2.13,2.13,2.13,3.75,3.63,5,3.52,9.65,3.9250000000000003,2.13,8.3,2.13,4.8575,2.13,3.2625,2.13,2.13,8.25,7.5,4.15,2.13,10.25,2.83,3.89,2.13,4.425,2.13,2.13,2.13,2.13,5.25,11.5,2.33,2.625,2.13
,2018/03/01,2.13,9.84,2.13,2.63,7.5,11,7.18,6.3831999999999995,3.33,2.23,5.23,2.13,9.35,4.35,3.35,4.95,2.13,2.13,2.13,2.13,3.75,3.63,5,3.52,9.65,3.9250000000000003,2.13,8.3,2.13,4.8575,2.13,3.2625,2.13,2.13,8.25,7.5,4.15,2.13,10.25,2.83,3.89,2.13,4.425,2.13,2.13,2.13,2.13,5.25,11.5,2.33,2.625,2.13
,2018/04/01,2.13,9.84,2.13,2.63,7.5,11,7.18,6.3831999999999995,3.33,2.23,5.23,2.13,9.35,4.35,3.35,4.95,2.13,2.13,2.13,2.13,3.75,3.63,5,3.52,9.65,3.9250000000000003,2.13,8.3,2.13,4.8575,2.13,3.2625,2.13,2.13,8.25,7.5,4.15,2.13,10.25,2.83,3.89,2.13,4.425,2.13,2.13,2.13,2.13,5.25,11.5,2.33,2.625,2.13
,2018/05/01,2.13,9.84,2.13,2.63,7.5,11,7.18,6.3831999999999995,3.33,2.23,5.23,2.13,9.35,4.35,3.35,4.95,2.13,2.13,2.13,2.13,3.75,3.63,5,3.52,9.65,3.9250000000000003,2.13,8.3,2.13,4.8575,2.13,3.2625,2.13,2.13,8.25,7.5,4.15,2.13,10.25,2.83,3.89,2.13,4.425,2.13,2.13,2.13,2.13,5.25,11.5,2.33,2.625,2.13
,2018/06/01,2.13,9.84,2.13,2.63,7.5,11,7.18,6.3831999999999995,3.33,2.23,5.23,2.13,9.35,4.35,3.35,4.95,2.13,2.13,2.13,2.13,3.75,3.63,5,3.52,9.65,3.9250000000000003,2.13,8.3,2.13,4.8575,2.13,3.2625,2.13,2.13,8.25,7.5,4.15,2.13,10.25,2.83,3.89,2.13,4.425,2.13,2.13,2.13,2.13,5.25,11.5,2.33,2.625,2.13
,2018/07/01,2.13,9.84,2.13,2.63,7.5,11,7.18,6.3831999999999995,3.89,2.23,5.23,2.13,9.35,4.35,3.35,4.95,2.13,2.13,2.13,2.13,3.75,3.63,5,3.52,9.65,3.9250000000000003,2.13,8.3,2.13,4.8575,2.13,3.2625,2.13,2.13,8.25,7.5,4.15,2.13,10.75,2.83,3.89,2.13,4.425,2.13,2.13,2.13,2.13,5.25,11.5,2.33,2.625,2.13
,2018/08/01,2.13,9.84,2.13,2.63,7.5,11,7.18,6.3831999999999995,3.89,2.23,5.23,2.13,9.35,4.35,3.35,4.95,2.13,2.13,2.13,2.13,3.75,3.63,5,3.52,9.65,3.9250000000000003,2.13,8.3,2.13,4.8575,2.13,3.2625,2.13,2.13,8.25,7.5,4.15,2.13,10.75,2.83,3.89,2.13,4.425,2.13,2.13,2.13,2.13,5.25,11.5,2.33,2.625,2.13
,2018/09/01,2.13,9.84,2.13,2.63,7.5,11,7.18,6.3831999999999995,3.89,2.23,5.23,2.13,9.35,4.35,3.35,4.95,2.13,2.13,2.13,2.13,3.75,3.63,5,3.52,9.65,3.9250000000000003,2.13,8.3,2.13,4.8575,2.13,3.2625,2.13,2.13,8.25,7.5,4.15,2.13,10.75,2.83,3.89,2.13,4.425,2.13,2.13,2.13,2.13,5.25,11.5,2.33,2.625,2.13
,2018/10/01,2.13,9.84,2.13,2.63,7.5,11,7.18,6.3831999999999995,3.89,2.23,5.23,2.13,9.35,4.35,3.35,4.95,2.13,2.13,2.13,2.13,3.75,3.63,5,3.52,9.65,3.9250000000000003,2.13,8.3,2.13,4.8575,2.13,3.2625,2.13,2.13,8.25,7.5,4.15,2.13,10.75,2.83,3.89,2.13,4.425,2.13,2.13,2.13,2.13,5.25,11.5,2.33,2.625,2.13
,2018/11/01,2.13,9.84,2.13,2.63,7.5,11,7.18,6.3831999999999995,3.89,2.23,5.23,2.13,9.35,4.35,3.35,4.95,2.13,2.13,2.13,2.13,3.75,3.63,5,3.52,9.65,3.9250000000000003,2.13,8.3,2.13,4.8575,2.13,3.2625,2.13,2.13,8.25,7.5,4.15,2.13,10.75,2.83,3.89,2.13,4.425,2.13,2.13,2.13,2.13,5.25,11.5,2.33,2.625,2.13
,2018/12/01,2.13,9.84,2.13,2.63,7.5,11,7.18,6.3831999999999995,3.89,2.23,5.23,2.13,9.35,4.35,3.35,4.95,2.13,2.13,2.13,2.13,3.75,3.63,5,3.52,9.65,3.9250000000000003,2.13,8.3,2.13,4.8575,2.13,3.2625,2.13,2.13,8.25,7.5,4.15,2.13,10.75,2.83,3.89,2.13,4.425,2.13,2.13,2.13,2.13,5.25,11.5,2.33,2.625,2.13
255.69,2019/01/01,2.13,9.89,2.13,2.63,8,12,8.08,6.3831999999999995,3.89,2.23,5.440000000000001,2.13,9.35,4.35,3.35,4.95,2.13,2.13,2.13,2.13,4.35,3.63,5.5,3.5909999999999997,9.86,4.3,2.13,8.5,2.13,4.8575,2.13,3.2625,2.13,2.13,8.25,7.5,4.3,2.13,10.75,2.83,3.89,2.13,4.55,2.13,2.13,2.13,2.13,5.385,12,2.33,2.625,2.13
,2019/02/01,2.13,9.89,2.13,2.63,8,12,8.08,6.3831999999999995,3.89,2.23,5.440000000000001,2.13,9.35,4.35,3.35,4.95,2.13,2.13,2.13,2.13,4.35,3.63,5.5,3.5909999999999997,9.86,4.3,2.13,8.5,2.13,4.8575,2.13,3.2625,2.13,2.13,8.25,7.5,4.3,2.13,10.75,2.83,3.89,2.13,4.55,2.13,2.13,2.13,2.13,5.385,12,2.33,2.625,2.13
,2019/03/01,2.13,9.89,2.13,2.63,8,12,8.08,6.3831999999999995,3.89,2.23,5.440000000000001,2.13,9.35,4.35,3.35,4.95,2.13,2.13,2.13,2.13,4.35,3.63,5.5,3.5909999999999997,9.86,4.3,2.13,8.5,2.13,4.8575,2.13,3.2625,2.13,2.13,8.25,7.5,4.3,2.13,10.75,2.83,3.89,2.13,4.55,2.13,2.13,2.13,2.13,5.385,12,2.33,2.625,2.13
,2019/04/01,2.13,9.89,2.13,2.63,8,12,8.08,6.3831999999999995,3.89,2.23,5.440000000000001,2.13,9.35,4.35,3.35,4.95,2.13,2.13,2.13,2.13,4.35,3.63,5.5,3.5909999999999997,9.86,4.3,2.13,8.5,2.13,4.8575,2.13,3.2625,2.13,2.13,8.25,7.5,4.3,2.13,10.75,2.83,3.89,2.13,4.55,2.13,2.13,2.13,2.13,5.385,12,2.33,2.625,2.13
,2019/05/01,2.13,9.89,2.13,2.63,8,12,8.08,6.3831999999999995,3.89,2.23,5.440000000000001,2.13,9.35,4.35,3.35,4.95,2.13,2.13,2.13,2.13,4.35,3.63,5.5,3.5909999999999997,9.86,4.3,2.13,8.5,2.13,4.8575,2.13,3.2625,2.13,2.13,8.25,7.5,4.3,2.13,10.75,2.83,3.89,2.13,4.55,2.13,2.13,2.13,2.13,5.385,12,2.33,2.625,2.13
,2019/06/01,2.13,9.89,2.13,2.63,8,12,8.08,6.3831999999999995,3.89,2.23,5.440000000000001,2.13,9.35,4.35,3.35,4.95,2.13,2.13,2.13,2.13,4.35,3.63,5.5,3.5909999999999997,9.86,4.3,2.13,8.5,2.13,4.8575,2.13,3.2625,2.13,2.13,8.25,7.5,4.3,2.13,10.75,2.83,3.89,2.13,4.55,2.13,2.13,2.13,2.13,5.385,12,2.33,2.625,2.13
,2019/07/01,2.13,9.89,2.13,2.63,8,12,8.08,6.3831999999999995,4.45,2.23,5.440000000000001,2.13,9.35,4.35,3.35,4.95,2.13,2.13,2.13,2.13,4.35,3.63,5.5,3.5909999999999997,9.86,4.3,2.13,8.5,2.13,4.8575,2.13,3.2625,2.63,2.13,8.25,7.5,4.3,2.13,11.25,2.83,3.89,2.13,4.55,2.13,2.13,2.13,2.13,5.385,12,2.33,2.625,2.13
,2019/08/01,2.13,9.89,2.13,2.63,8,12,8.08,6.3831999999999995,4.45,2.23,5.440000000000001,2.13,9.35,4.35,3.35,4.95,2.13,2.13,2.13,2.13,4.35,3.63,5.5,3.5909999999999997,9.86,4.3,2.13,8.5,2.13,4.8575,2.13,3.2625,2.63,2.13,8.25,7.5,4.3,2.13,11.25,2.83,3.89,2.13,4.55,2.13,2.13,2.13,2.13,5.385,12,2.33,2.625,2.13
,2019/09/01,2.13,9.89,2.13,2.63,8,12,8.08,6.38,4.45,2.23,5.440000000000001,2.13,9.35,4.35,3.35,4.95,2.13,2.13,2.13,2.13,4.35,3.63,5.5,3.5909999999999997,9.86,4.3,2.13,8.5,2.13,4.8575,2.13,3.2625,2.63,2.13,8.25,7.5,4.3,2.13,11.25,2.83,3.89,2.13,4.55,2.13,2.13,2.13,2.13,5.385,12,2.33,2.625,2.13
,2019/10/01,2.13,9.89,2.13,2.63,8,12,8.08,6.38,4.45,2.23,5.440000000000001,2.13,9.35,4.35,3.35,4.95,2.13,2.13,2.13,2.13,4.35,3.63,5.5,3.5909999999999997,9.86,4.3,2.13,8.5,2.13,4.8575,2.13,3.2625,2.63,2.13,8.25,7.5,4.3,2.13,11.25,2.83,3.89,2.13,4.55,2.13,2.13,2.13,2.13,5.385,12,2.33,2.625,2.13
,2019/11/01,2.13,9.89,2.13,2.63,8,12,8.08,6.38,4.45,2.23,5.440000000000001,2.13,9.35,4.35,3.35,4.95,2.13,2.13,2.13,2.13,4.35,3.63,5.5,3.5909999999999997,9.86,4.3,2.13,8.5,2.13,4.8575,2.13,3.2625,2.63,2.13,8.25,7.5,4.3,2.13,11.25,2.83,3.89,2.13,4.55,2.13,2.13,2.13,2.13,5.385,12,2.33,2.625,2.13
,2019/12/01,2.13,9.89,2.13,2.63,8,12,8.08,6.38,4.45,2.23,5.440000000000001,2.13,9.35,4.35,3.35,4.95,2.13,2.13,2.13,2.13,4.35,3.63,5.5,3.5909999999999997,9.86,4.3,2.13,8.5,2.13,4.8575,2.13,3.2625,2.63,2.13,8.25,7.5,4.3,2.13,11.25,2.83,3.89,2.13,4.55,2.13,2.13,2.13,2.13,5.385,12,2.33,2.625,2.13
261.855,2020/01/01,2.13,10.07062452211036,2.13,2.63,9,13,8.98,6.38,4.45,2.23,5.594507932968014,2.13,9.35,4.35,3.35,5.55,2.13,2.13,2.13,2.13,4.95,3.63,6,3.6670000000000003,10.040076621638843,4.725,2.13,8.65,2.13,4.8575,2.13,3.2625,3.13,2.35,8.25,7.85,4.3500000000000005,2.13,11.25,2.83,3.89,2.13,4.625,2.13,2.13,2.13,2.13,5.483348134637441,13.5,2.33,2.625,2.13
,2020/02/01,2.13,10.07062452211036,2.13,2.63,9,13,8.98,6.38,4.45,2.23,5.594507932968014,2.13,9.35,4.35,3.35,5.55,2.13,2.13,2.13,2.13,4.95,3.63,6,3.6670000000000003,10.040076621638843,4.725,2.13,8.65,2.13,4.8575,2.13,3.2625,3.13,2.35,8.25,7.85,4.3500000000000005,2.13,11.25,2.83,3.89,2.13,4.625,2.13,2.13,2.13,2.13,5.49,13.5,2.33,2.625,2.13
,2020/03/01,2.13,10.07062452211036,2.13,2.63,9,13,8.98,6.38,4.45,2.23,5.594507932968014,2.13,9.35,4.35,3.35,5.55,2.13,2.13,2.13,2.13,4.95,3.63,6,3.6670000000000003,10.040076621638843,4.725,2.13,8.65,2.13,4.8575,2.13,3.2625,3.13,2.35,8.25,7.85,4.3500000000000005,2.13,11.25,2.83,3.89,2.13,4.625,2.13,2.13,2.13,2.13,5.49,13.5,2.33,2.625,2.13
,2020/04/01,2.13,10.07062452211036,2.13,2.63,9,13,8.98,6.38,4.45,2.23,5.594507932968014,2.13,9.35,4.35,3.35,5.55,2.13,2.13,2.13,2.13,4.95,3.63,6,3.6670000000000003,10.040076621638843,4.725,2.13,8.65,2.13,4.8575,2.13,3.2625,3.13,2.35,8.25,7.85,4.3500000000000005,2.13,11.25,2.83,3.89,2.13,4.625,2.13,2.13,2.13,2.13,5.49,13.5,2.33,2.625,2.13
,2020/05/01,2.13,10.07062452211036,2.13,2.63,9,13,8.98,6.38,4.45,2.23,5.594507932968014,2.13,9.35,4.35,3.35,5.55,2.13,2.13,2.13,2.13,4.95,3.63,6,3.6670000000000003,10.040076621638843,4.725,2.13,8.65,2.13,4.8575,2.13,3.2625,3.13,2.35,8.25,7.85,4.3500000000000005,2.13,11.25,2.83,3.89,2.13,4.625,2.13,2.13,2.13,2.13,5.49,13.5,2.33,2.625,2.13
,2020/06/01,2.13,10.07062452211036,2.13,2.63,9,13,8.98,6.38,4.45,2.23,5.594507932968014,2.13,9.35,4.35,3.35,5.55,2.13,2.13,2.13,2.13,4.95,3.63,6,3.6670000000000003,10.040076621638843,4.725,2.13,8.65,2.13,4.8575,2.13,3.2625,3.13,2.35,8.25,7.85,4.3500000000000005,2.13,11.25,2.83,3.89,2.13,4.625,2.13,2.13,2.13,2.13,5.49,13.5,2.33,2.625,2.13
,2020/07/01,2.13,10.07062452211036,2.13,2.63,9,13,8.98,6.38,5,2.23,5.594507932968014,2.13,9.35,4.35,3.35,6,2.13,2.13,2.13,2.13,4.95,3.63,6,3.6670000000000003,10.040076621638843,4.725,2.13,8.65,2.13,4.8575,2.13,3.2625,3.13,2.35,9,7.85,4.3500000000000005,2.13,12,2.83,3.89,2.13,4.625,2.13,2.13,2.13,2.13,5.49,13.5,2.33,2.625,2.13
,2020/08/01,2.13,10.07062452211036,2.13,2.63,9,13,8.98,6.38,5,2.23,5.594507932968014,2.13,9.35,4.35,3.35,6,2.13,2.13,2.13,2.13,4.95,3.63,6,3.6670000000000003,10.040076621638843,4.725,2.13,8.65,2.13,4.8575,2.13,3.2625,3.13,2.35,9,7.85,4.3500000000000005,2.13,12,2.83,3.89,2.13,4.625,2.13,2.13,2.13,2.13,5.49,13.5,2.33,2.625,2.13
,2020/09/01,2.13,10.07062452211036,2.13,2.63,9,13,8.98,6.38,5,2.23,5.594507932968014,2.13,9.35,4.35,3.35,6,2.13,2.13,2.13,2.13,4.95,3.63,6,3.6670000000000003,10.040076621638843,4.725,2.13,8.65,2.13,4.8575,2.13,3.2625,3.13,2.35,9,7.85,4.3500000000000005,2.13,12,2.83,3.89,2.13,4.625,2.13,2.13,2.13,2.13,5.49,13.5,2.33,2.625,2.13
,2020/10/01,2.13,10.07062452211036,2.13,2.63,9,13,8.98,6.38,5,2.23,5.594507932968014,2.13,9.35,4.35,3.35,6,2.13,2.13,2.13,2.13,4.95,3.63,6,3.6670000000000003,10.040076621638843,4.725,2.13,8.65,2.13,4.8575,2.13,3.2625,3.13,2.35,9,7.85,4.3500000000000005,2.13,12,2.83,3.89,2.13,4.625,2.13,2.13,2.13,2.13,5.49,13.5,2.33,2.625,2.13
,2020/11/01,2.13,10.07062452211036,2.13,2.63,9,13,8.98,6.38,5,2.23,5.594507932968014,2.13,9.35,4.35,3.35,6,2.13,2.13,2.13,2.13,4.95,3.63,6,3.6670000000000003,10.040076621638843,4.725,2.13,8.65,2.13,4.8575,2.13,3.2625,3.13,2.35,9,7.85,4.3500000000000005,2.13,12,2.83,3.89,2.13,4.625,2.13,2.13,2.13,2.13,5.49,13.5,2.33,2.625,2.13
,2020/12/01,2.13,10.07062452211036,2.13,2.63,9,13,8.98,6.38,5,2.23,5.594507932968014,2.13,9.35,4.35,3.35,6,2.13,2.13,2.13,2.13,4.95,3.63,6,3.6670000000000003,10.040076621638843,4.725,2.13,8.65,2.13,4.8575,2.13,3.2625,3.13,2.35,9,7.85,4.3500000000000005,2.13,12,2.83,3.89,2.13,4.625,2.13,2.13,2.13,2.13,5.49,13.5,2.33,2.625,2.13
270.97,2021/01/01,2.13,10.34,2.13,2.63,9.150000000000002,14,9.3,6.38,5,2.23,5.69965822925959,2.13,9.35,4.35,3.35,6.6,2.13,2.13,2.13,2.13,5.55,3.63,6.075000000000001,3.7506,10.08,5.15,2.13,8.75,2.13,4.8575,2.13,3.2625,4.13,2.55,9,8.35,4.4,2.13,12,2.83,3.89,2.13,4.725,2.13,2.13,2.13,2.13,5.875,13.69,2.33,2.625,2.13
,2021/02/01,2.13,10.34,2.13,2.63,9.150000000000002,14,9.3,6.38,5,2.23,5.69965822925959,2.13,9.35,4.35,3.35,6.6,2.13,2.13,2.13,2.13,5.55,3.63,6.075000000000001,3.7506,10.08,5.15,2.13,8.75,2.13,4.8575,2.13,3.2625,4.13,2.55,9,8.35,4.4,2.13,12,2.83,3.89,2.13,4.725,2.13,2.13,2.13,2.13,5.875,13.69,2.33,2.625,2.13
,2021/03/01,2.13,10.34,2.13,2.63,9.150000000000002,14,9.3,6.38,5,2.23,5.69965822925959,2.13,9.35,4.35,3.35,6.6,2.13,2.13,2.13,2.13,5.55,3.63,6.075000000000001,3.7506,10.08,5.15,2.13,8.75,2.13,4.8575,2.13,3.2625,4.13,2.55,9,8.35,4.4,2.13,12,2.83,3.89,2.13,4.725,2.13,2.13,2.13,2.13,5.875,13.69,2.33,2.625,2.13
,2021/04/01,2.13,10.34,2.13,2.63,9.150000000000002,14,9.3,6.38,5,2.23,5.69965822925959,2.13,9.35,4.35,3.35,6.6,2.13,2.13,2.13,2.13,5.55,3.63,6.075000000000001,3.7506,10.08,5.15,2.13,8.75,2.13,4.8575,2.13,3.2625,4.13,2.55,9,8.35,4.4,2.13,12,2.83,3.89,2.13,4.725,2.13,2.13,2.13,2.13,5.875,13.69,2.33,2.625,2.13
,2021/05/01,2.13,10.34,2.13,2.63,9.150000000000002,14,9.3,6.38,5,2.23,5.69965822925959,2.13,9.35,4.35,3.35,6.6,2.13,2.13,2.13,2.13,5.55,3.63,6.075000000000001,3.7506,10.08,5.15,2.13,8.75,2.13,4.8575,2.13,3.2625,4.13,2.55,9,8.35,4.4,2.13,12,2.83,3.89,2.13,4.725,2.13,2.13,2.13,2.13,5.875,13.69,2.33,2.625,2.13
,2021/06/01,2.13,10.34,2.13,2.63,9.150000000000002,14,9.3,6.38,5,2.23,5.69965822925959,2.13,9.35,4.35,3.35,6.6,2.13,2.13,2.13,2.13,5.55,3.63,6.075000000000001,3.7506,10.08,5.15,2.13,8.75,2.13,4.8575,2.13,3.2625,4.13,2.55,9,8.35,4.4,2.13,12,2.83,3.89,2.13,4.725,2.13,2.13,2.13,2.13,5.875,13.69,2.33,2.625,2.13
,2021/07/01,2.13,10.34,2.13,2.63,9.150000000000002,14,9.3,6.38,5.15,2.23,5.69965822925959,2.13,9.35,4.35,3.35,6.6,2.13,2.13,2.13,2.13,5.55,3.63,6.075000000000001,3.7506,10.08,5.15,2.13,8.75,2.13,4.8575,2.13,3.2625,4.13,2.55,9.75,8.35,4.4,2.13,12.75,2.83,3.89,2.13,4.725,2.13,2.13,2.13,2.13,5.875,13.69,2.33,2.625,2.13
,2021/08/01,2.13,10.34,2.13,2.63,9.150000000000002,14,9.3,6.38,5.15,2.23,5.69965822925959,2.13,9.35,4.35,3.35,6.6,2.13,2.13,2.13,2.13,5.55,3.63,6.075000000000001,3.7506,10.08,5.15,2.13,8.75,2.13,4.8575,2.13,3.2625,4.13,2.55,9.75,8.35,4.4,2.13,12.75,2.83,3.89,2.13,4.725,2.13,2.13,2.13,2.13,5.875,13.69,2.33,2.625,2.13
,2021/09/01,2.13,10.34,2.13,2.63,9.150000000000002,14,9.3,6.38,5.15,2.23,5.69965822925959,2.13,9.35,4.35,3.35,6.6,2.13,2.13,2.13,2.13,5.55,3.63,6.075000000000001,3.7506,10.08,5.15,2.13,8.75,2.13,4.8575,2.13,3.2625,4.13,2.55,9.75,8.35,4.4,2.13,12.75,2.83,3.89,2.13,4.725,2.13,2.13,2.13,2.13,5.875,13.69,2.33,2.625,2.13
,2021/10/01,2.13,10.34,2.13,2.63,9.150000000000002,14,9.3,6.38,5.15,2.23,6.98,2.13,9.35,4.35,3.35,6.6,2.13,2.13,2.13,2.13,5.55,3.63,6.075000000000001,3.7506,10.08,5.15,2.13,8.75,2.13,4.8575,2.13,3.2625,4.13,2.55,9.75,8.35,4.4,2.13,12.75,2.83,3.89,2.13,4.725,2.13,2.13,2.13,2.13,5.875,13.69,2.33,2.625,2.13
,2021/11/01,2.13,10.34,2.13,2.63,9.150000000000002,14,9.3,6.38,5.15,2.23,6.98,2.13,9.35,4.35,3.35,6.6,2.13,2.13,2.13,2.13,5.55,3.63,6.075000000000001,3.7506,10.08,5.15,2.13,8.75,2.13,4.8575,2.13,3.2625,4.13,2.55,9.75,8.35,4.4,2.13,12.75,2.83,3.89,2.13,4.725,2.13,2.13,2.13,2.13,5.875,13.69,2.33,2.625,2.13
,2021/12/01,2.13,10.34,2.13,2.63,9.150000000000002,14,9.3,6.38,5.15,2.23,6.98,2.13,9.35,4.35,3.35,6.6,2.13,2.13,2.13,2.13,5.55,3.63,6.075000000000001,3.7506,10.08,5.15,2.13,8.75,2.13,4.8575,2.13,3.2625,4.13,2.55,9.75,8.35,4.4,2.13,12.75,2.83,3.89,2.13,4.725,2.13,2.13,2.13,2.13,5.875,13.69,2.33,2.625,2.13
292.6549166666667,2022/01/01,2.13,10.34,2.13,2.63,9.8,15,9.540000000000001,6.38,5.15,2.23,6.98,2.13,9.35,4.35,3.35,7.199999999999999,2.13,2.13,2.13,2.13,6.15,3.63,6.375,3.7506,10.33,5.575,2.13,9.2,2.13,4.8575,2.13,3.2625,5.13,2.8,9.75,8.8,4.65,2.13,12.75,2.83,3.89,2.13,4.975,2.13,2.13,2.13,2.13,6.275,14.49,2.33,2.625,2.13
,2022/02/01,2.13,10.34,2.13,2.63,9.8,15,9.540000000000001,6.38,5.15,2.23,6.98,2.13,9.35,4.35,3.35,7.199999999999999,2.13,2.13,2.13,2.13,6.15,3.63,6.375,3.7506,10.33,5.575,2.13,9.2,2.13,4.8575,2.13,3.2625,5.13,2.8,9.75,8.8,4.65,2.13,12.75,2.83,3.89,2.13,4.975,2.13,2.13,2.13,2.13,6.275,14.49,2.33,2.625,2.13
,2022/03/01,2.13,10.34,2.13,2.63,9.8,15,9.540000000000001,6.38,5.15,2.23,6.98,2.13,9.35,4.35,3.35,7.199999999999999,2.13,2.13,2.13,2.13,6.15,3.63,6.375,3.7506,10.33,5.575,2.13,9.2,2.13,4.8575,2.13,3.2625,5.13,2.8,9.75,8.8,4.65,2.13,12.75,2.83,3.89,2.13,4.975,2.13,2.13,2.13,2.13,6.275,14.49,2.33,2.625,2.13
,2022/04/01,2.13,10.34,2.13,2.63,9.8,15,9.540000000000001,6.38,5.15,2.23,6.98,2.13,9.35,4.35,3.35,7.199999999999999,2.13,2.13,2.13,2.13,6.15,3.63,6.375,3.7506,10.33,5.575,2.13,9.2,2.13,4.8575,2.13,3.2625,5.13,2.8,9.75,8.8,4.65,2.13,12.75,2.83,3.89,2.13,4.975,2.13,2.13,2.13,2.13,6.275,14.49,2.33,2.625,2.13
,2022/05/01,2.13,10.34,2.13,2.63,9.8,15,9.540000000000001,6.38,5.15,2.23,6.98,2.13,9.35,4.35,3.35,7.199999999999999,2.13,2.13,2.13,2.13,6.15,3.63,6.375,3.7506,10.33,5.575,2.13,9.2,2.13,4.8575,2.13,3.2625,5.13,2.8,9.75,8.8,4.65,2.13,12.75,2.83,3.89,2.13,4.975,2.13,2.13,2.13,2.13,6.275,14.49,2.33,2.625,2.13
,2022/06/01,2.13,10.34,2.13,2.63,9.8,15,9.540000000000001,6.38,5.15,2.23,6.98,2.13,9.35,4.35,3.35,7.199999999999999,2.13,2.13,2.13,2.13,6.15,3.63,6.375,3.7506,10.33,5.575,2.13,9.2,2.13,4.8575,2.13,3.2625,5.13,2.8,9.75,8.8,4.65,2.13,12.75,2.83,3.89,2.13,4.975,2.13,2.13,2.13,2.13,6.275,14.49,2.33,2.625,2.13
,2022/07/01,2.13,10.34,2.13,2.63,9.8,15,9.540000000000001,6.38,5.35,2.23,6.98,2.13,9.35,4.35,3.35,7.199999999999999,2.13,2.13,2.13,2.13,6.15,3.63,6.375,3.7506,10.33,5.575,2.13,9.2,2.13,4.8575,2.13,3.2625,5.13,2.8,10.5,8.8,4.65,2.13,13.5,2.83,3.89,2.13,4.975,2.13,2.13,2.13,2.13,6.275,14.49,2.33,2.625,2.13
,2022/08/01,2.13,10.34,2.13,2.63,9.8,15,9.540000000000001,6.38,5.35,2.23,6.98,2.13,9.35,4.35,3.35,7.199999999999999,2.13,2.13,2.13,2.13,6.15,3.63,6.375,3.7506,10.33,5.575,2.13,9.2,2.13,4.8575,2.13,3.2625,5.13,2.8,10.5,8.8,4.65,2.13,13.5,2.83,3.89,2.13,4.975,2.13,2.13,2.13,2.13,6.275,14.49,2.33,2.625,2.13
,2022/09/01,2.13,10.34,2.13,2.63,9.8,15,9.540000000000001,6.38,5.35,2.23,6.98,2.13,9.35,4.35,3.35,7.199999999999999,2.13,2.13,2.13,2.13,6.15,3.63,6.375,3.7506,10.33,5.575,2.13,9.2,2.13,4.8575,2.13,3.2625,5.13,2.8,10.5,8.8,4.65,2.13,13.5,2.83,3.89,2.13,4.975,2.13,2.13,2.13,2.13,6.275,14.49,2.33,2.625,2.13
,2022/10/01,2.13,10.34,2.13,2.63,9.8,15,9.540000000000001,6.38,5.35,2.23,7.98,2.13,11,4.35,3.35,7.199999999999999,2.13,2.13,2.13,2.13,6.15,3.63,6.375,3.7506,10.33,5.575,2.13,9.2,2.13,4.8575,2.13,3.2625,5.13,2.8,10.5,8.8,4.65,2.13,13.5,2.83,3.89,2.13,4.975,2.13,2.13,2.13,2.13,6.275,14.49,2.33,2.625,2.13
,2022/11/01,2.13,10.34,2.13,2.63,9.8,15,9.540000000000001,6.38,5.35,2.23,7.98,2.13,11,4.35,3.35,7.199999999999999,2.13,2.13,2.13,2.13,6.15,3.63,6.375,3.7506,10.33,5.575,2.13,9.2,2.13,4.8575,2.13,3.2625,5.13,2.8,10.5,8.8,4.65,2.13,13.5,2.83,3.89,2.13,4.975,2.13,2.13,2.13,2.13,6.275,14.49,2.33,2.625,2.13
,2022/12/01,2.13,10.34,2.13,2.63,9.8,15,9.540000000000001,6.38,5.35,2.23,7.98,2.13,11,4.35,3.35,7.199999999999999,2.13,2.13,2.13,2.13,6.15,3.63,6.375,3.7506,10.33,5.575,2.13,9.2,2.13,4.8575,2.13,3.2625,5.13,2.8,10.5,8.8,4.65,2.13,13.5,2.83,3.89,2.13,4.975,2.13,2.13,2.13,2.13,6.275,14.49,2.33,2.625,2.13
306.931,2023/01/01,2.13,10.85,2.13,2.63,10.85,15.5,10.63,6.38,5.35,2.23,7.98,2.13,11,4.35,3.35,7.8,2.13,2.13,2.13,2.13,6.75,3.63,6.9,3.838,10.59,6,2.13,9.950000000000001,2.13,4.8575,2.13,3.2625,5.260000000000002,3,10.5,9.45,5.05,2.13,13.5,2.83,3.89,2.13,5.4,2.13,2.13,2.13,2.13,6.59,15.74,2.33,2.625,2.13
,2023/02/01,2.13,10.85,2.13,2.63,10.85,15.5,10.63,6.38,5.35,2.23,7.98,2.13,11,4.35,3.35,7.8,2.13,2.13,2.13,2.13,6.75,3.63,6.9,3.838,10.59,6,2.13,9.950000000000001,2.13,4.8575,2.13,3.2625,5.260000000000002,3,10.5,9.45,5.05,2.13,13.5,2.83,3.89,2.13,5.4,2.13,2.13,2.13,2.13,6.59,15.74,2.33,2.625,2.13
,2023/03/01,2.13,10.85,2.13,2.63,10.85,15.5,10.63,6.38,5.35,2.23,7.98,2.13,11,4.35,3.35,7.8,2.13,2.13,2.13,2.13,6.75,3.63,6.9,3.838,10.59,6,2.13,9.950000000000001,2.13,4.8575,2.13,3.2625,5.260000000000002,3,10.5,9.45,5.05,2.13,13.5,2.83,3.89,2.13,5.4,2.13,2.13,2.13,2.13,6.59,15.74,2.33,2.625,2.13
,2023/04/01,2.13,10.85,2.13,2.63,10.85,15.5,10.63,6.38,5.35,2.23,7.98,2.13,11,4.35,3.35,7.8,2.13,2.13,2.13,2.13,6.75,3.63,6.9,3.838,10.59,6,2.13,9.950000000000001,2.13,4.8575,2.13,3.2625,5.260000000000002,3,10.5,9.45,5.05,2.13,13.5,2.83,3.89,2.13,5.4,2.13,2.13,2.13,2.13,6.59,15.74,2.33,2.625,2.13
,2023/05/01,2.13,10.85,2.13,2.63,10.85,15.5,10.63,6.38,6,2.23,7.98,2.13,11,4.35,3.35,7.8,2.13,2.13,2.13,2.13,6.75,3.63,6.9,3.838,10.59,6,2.13,9.950000000000001,2.13,4.8575,2.13,3.2625,5.260000000000002,3,10.5,9.45,5.05,2.13,13.5,2.83,3.89,2.13,5.4,2.13,2.13,2.13,2.13,6.59,15.74,2.33,2.625,2.13
,2023/06/01,2.13,10.85,2.13,2.63,10.85,15.5,10.63,6.38,6,2.23,7.98,2.13,11,4.35,3.35,7.8,2.13,2.13,2.13,2.13,6.75,3.63,6.9,3.838,10.59,6,2.13,9.950000000000001,2.13,4.8575,2.13,3.2625,5.260000000000002,3,10.5,9.45,5.05,2.13,13.5,2.83,3.89,2.13,5.4,2.13,2.13,2.13,2.13,6.59,15.74,2.33,2.625,2.13
,2023/07/01,2.13,10.85,2.13,2.63,10.85,15.5,10.63,6.38,8,2.23,7.98,2.13,11,4.35,3.35,7.8,2.13,2.13,2.13,2.13,6.75,3.63,6.9,3.838,10.59,6,2.13,9.950000000000001,2.13,4.8575,2.13,3.2625,5.260000000000002,3,11.25,9.45,5.05,2.13,14.600000000000001,2.83,3.89,2.13,5.4,2.13,2.13,2.13,2.13,6.59,15.74,2.33,2.625,2.13
,2023/08/01,2.13,10.85,2.13,2.63,10.85,15.5,10.63,6.38,8,2.23,7.98,2.13,11,4.35,3.35,7.8,2.13,2.13,2.13,2.13,6.75,3.63,6.9,3.838,10.59,6,2.13,9.950000000000001,2.13,4.8575,2.13,3.2625,5.260000000000002,3,11.25,9.45,5.05,2.13,14.600000000000001,2.83,3.89,2.13,5.4,2.13,2.13,2.13,2.13,6.59,15.74,2.33,2.625,2.13
,2023/09/01,2.13,10.85,2.13,2.63,10.85,15.5,10.63,6.38,8,2.23,7.98,2.13,11,4.35,3.35,7.8,2.13,2.13,2.13,2.13,6.75,3.63,6.9,3.838,10.59,6,2.13,9.950000000000001,2.13,4.8575,2.13,3.2625,5.260000000000002,3,11.25,9.45,5.05,2.13,14.600000000000001,2.83,3.89,2.13,5.4,2.13,2.13,2.13,2.13,6.59,15.74,2.33,2.625,2.13
,2023/10/01,2.13,10.85,2.13,2.63,10.85,15.5,10.63,6.38,8,2.23,8.98,2.13,11,4.35,3.35,7.8,2.13,2.13,2.13,2.13,6.75,3.63,6.9,3.838,10.59,6,2.13,9.950000000000001,2.13,4.8575,2.13,3.2625,5.260000000000002,3,11.25,9.45,5.05,2.13,14.600000000000001,2.83,3.89,2.13,5.4,2.13,2.13,2.13,2.13,6.59,15.74,2.33,2.625,2.13
,2023/11/01,2.13,10.85,2.13,2.63,10.85,15.5,10.63,6.38,8,2.23,8.98,2.13,11,4.35,3.35,7.8,2.13,2.13,2.13,2.13,6.75,3.63,6.9,3.838,10.59,6,2.13,9.950000000000001,2.13,4.8575,2.13,3.2625,5.260000000000002,3,11.25,9.45,5.05,2.13,14.600000000000001,2.83,3.89,2.13,5.4,2.13,2.13,2.13,2.13,6.59,15.74,2.33,2.625,2.13
,2023/12/01,2.13,10.85,2.13,2.63,10.85,15.5,10.63,6.38,8,2.23,8.98,2.13,11,4.35,3.35,7.8,2.13,2.13,2.13,2.13,6.75,3.63,6.9,3.838,10.59,6,2.13,9.950000000000001,2.13,4.8575,2.13,3.2625,5.260000000000002,3,11.25,9.45,5.05,2.13,14.600000000000001,2.83,3.89,2.13,5.4,2.13,2.13,2.13,2.13,6.59,15.74,2.33,2.625,2.13
316.18,2024/01/01,2.13,11.379276958442807,2.13,2.63,11.55,16.3,11.295864560621597,6.38,8,2.23,8.98,2.13,12.75,4.35,3.35,8.4,2.13,2.13,2.13,2.13,6.75,3.63,7.2250000000000005,3.9254000000000002,11.106593823954777,6.300000000000001,2.13,10.450000000000001,2.13,4.8575,2.13,3.2625,5.130000000000001,3,11.25,9.734764491041961,5.300000000000001,2.13,14.600000000000001,2.83,3.89,2.13,5.675000000000001,2.13,2.13,2.13,2.13,6.911468677985078,16.507817449390764,2.33,2.625,2.13
,2024/02/01,2.13,11.379276958442807,2.13,2.63,11.55,16.3,11.295864560621597,6.38,8,2.23,8.98,2.13,12.75,4.35,3.35,8.4,2.13,2.13,2.13,2.13,6.75,3.63,7.2250000000000005,3.9254000000000002,11.106593823954777,6.300000000000001,2.13,10.450000000000001,2.13,4.8575,2.13,3.2625,5.130000000000001,3,11.25,9.734764491041961,5.300000000000001,2.13,14.600000000000001,2.83,3.89,2.13,5.675000000000001,2.13,2.13,2.13,2.13,6.03,16.507817449390764,2.33,2.625,2.13
,2024/03/01,2.13,11.379276958442807,2.13,2.63,11.55,16.3,11.295864560621597,6.38,8,2.23,8.98,2.13,12.75,4.35,3.35,8.4,2.13,2.13,2.13,2.13,6.75,3.63,7.2250000000000005,3.9254000000000002,11.106593823954777,6.300000000000001,2.13,10.450000000000001,2.13,4.8575,2.13,3.2625,5.130000000000001,3,11.25,9.734764491041961,5.300000000000001,2.13,14.600000000000001,2.83,3.89,2.13,5.675000000000001,2.13,2.13,2.13,2.13,6.03,16.507817449390764,2.33,2.625,2.13
,2024/04/01,2.13,11.379276958442807,2.13,2.63,11.55,16.3,11.295864560621597,6.38,8,2.23,8.98,2.13,12.75,4.35,3.35,8.4,2.13,2.13,2.13,2.13,6.75,3.63,7.2250000000000005,3.9254000000000002,11.106593823954777,6.300000000000001,2.13,10.450000000000001,2.13,4.8575,2.13,3.2625,5.130000000000001,3,11.25,9.734764491041961,5.300000000000001,2.13,14.600000000000001,2.83,3.89,2.13,5.675000000000001,2.13,2.13,2.13,2.13,6.03,16.507817449390764,2.33,2.625,2.13
,2024/05/01,2.13,11.379276958442807,2.13,2.63,11.55,16.3,11.295864560621597,6.38,8,2.23,8.98,2.13,12.75,4.35,3.35,8.4,2.13,2.13,2.13,2.13,6.75,3.63,7.2250000000000005,3.9254000000000002,11.106593823954777,6.300000000000001,2.13,10.450000000000001,2.13,4.8575,2.13,3.2625,5.130000000000001,3,11.25,9.734764491041961,5.300000000000001,2.13,14.600000000000001,2.83,3.89,2.13,5.675000000000001,2.13,2.13,2.13,2.13,6.03,16.507817449390764,2.33,2.625,2.13
,2024/06/01,2.13,11.379276958442807,2.13,2.63,11.55,16.3,11.295864560621597,6.38,8,2.23,8.98,2.13,12.75,4.35,3.35,8.4,2.13,2.13,2.13,2.13,6.75,3.63,7.2250000000000005,3.9254000000000002,11.106593823954777,6.300000000000001,2.13,10.450000000000001,2.13,4.8575,2.13,3.2625,5.130000000000001,3,11.25,9.734764491041961,5.300000000000001,2.13,14.600000000000001,2.83,3.89,2.13,5.675000000000001,2.13,2.13,2.13,2.13,6.03,16.507817449390764,2.33,2.625,2.13
,2024/07/01,2.13,11.379276958442807,2.13,2.63,11.55,16.3,11.295864560621597,6.38,10,2.23,8.98,2.13,12.75,4.35,3.35,8.4,2.13,2.13,2.13,2.13,6.75,3.63,7.2250000000000005,3.9254000000000002,11.106593823954777,6.300000000000001,2.13,10.450000000000001,2.13,4.8575,2.13,3.2625,5.130000000000001,3,12,9.734764491041961,5.300000000000001,2.13,15.3,2.83,3.89,2.13,5.675000000000001,2.13,2.13,2.13,2.13,6.03,16.507817449390764,2.33,2.625,2.13
,2024/08/01,2.13,11.379276958442807,2.13,2.63,11.55,16.3,11.295864560621597,6.38,10,2.23,8.98,2.13,12.75,4.35,3.35,8.4,2.13,2.13,2.13,2.13,6.75,3.63,7.2250000000000005,3.9254000000000002,11.106593823954777,6.300000000000001,2.13,10.450000000000001,2.13,4.8575,2.13,3.2625,5.130000000000001,3,12,9.734764491041961,5.300000000000001,2.13,15.3,2.83,3.89,2.13,5.675000000000001,2.13,2.13,2.13,2.13,6.03,16.507817449390764,2.33,2.625,2.13
,2024/09/01,2.13,11.379276958442807,2.13,2.63,11.55,16.3,11.295864560621597,6.38,10,2.23,8.98,2.13,12.75,4.35,3.35,8.4,2.13,2.13,2.13,2.13,6.75,3.63,7.2250000000000005,3.9254000000000002,11.106593823954777,6.300000000000001,2.13,10.450000000000001,2.13,4.8575,2.13,3.2625,5.130000000000001,3,12,9.734764491041961,5.300000000000001,2.13,15.3,2.83,3.89,2.13,5.675000000000001,2.13,2.13,2.13,2.13,6.03,16.507817449390764,2.33,2.625,2.13
,2024/10/01,2.13,11.379276958442807,2.13,2.63,11.55,16.3,11.295864560621597,6.38,10,2.23,9.98,2.13,12.75,4.35,3.35,8.4,2.13,2.13,2.13,2.13,6.75,3.63,7.2250000000000005,3.9254000000000002,11.106593823954777,6.300000000000001,2.13,10.450000000000001,2.13,4.8575,2.13,3.2625,5.130000000000001,3,12,9.734764491041961,5.300000000000001,2.13,15.3,2.83,3.89,2.13,5.675000000000001,2.13,2.13,2.13,2.13,6.03,16.507817449390764,2.33,2.625,2.13
,2024/11/01,2.13,11.379276958442807,2.13,2.63,11.55,16.3,11.295864560621597,6.38,10,2.23,9.98,2.13,12.75,4.35,3.35,8.4,2.13,2.13,2.13,2.13,6.75,3.63,7.2250000000000005,3.9254000000000002,11.106593823954777,6.300000000000001,2.13,10.450000000000001,2.13,4.8575,2.13,3.2625,5.130000000000001,3,12,9.734764491041961,5.300000000000001,2.13,15.3,2.83,3.89,2.13,5.675000000000001,2.13,2.13,2.13,2.13,6.03,16.507817449390764,2.33,2.625,2.13
,2024/12/01,2.13,11.379276958442807,2.13,2.63,11.55,16.3,11.295864560621597,6.38,10,2.23,9.98,2.13,12.75,4.35,3.35,8.4,2.13,2.13,2.13,2.13,6.75,3.63,7.2250000000000005,3.9254000000000002,11.106593823954777,6.300000000000001,2.13,10.450000000000001,2.13,4.8575,2.13,3.2625,5.130000000000001,3,12,9.734764491041961,5.300000000000001,2.13,15.3,2.83,3.89,2.13,5.675000000000001,2.13,2.13,2.13,2.13,6.03,16.507817449390764,2.33,2.625,2.13
323.065,2025/01/01,2.13,11.722177912040317,2.13,2.63,12.000000000000002,16.8,11.727256082889435,6.38,10,2.23,9.98,2.13,12.75,4.35,3.35,9,2.13,2.13,2.13,2.13,6.75,3.63,7.450000000000001,4.0128,11.441277796175758,6.500000000000001,2.13,10.75,2.13,4.8575,2.13,3.2625,5.582007128638034,3,12,9.94674454519094,5.45,2.13,15.3,2.83,3.89,2.13,5.8500000000000005,2.13,2.13,2.13,2.13,7.119737552105594,17.005260860416094,2.33,2.625,2.13
,2025/02/01,2.13,11.722177912040317,2.13,2.63,12.000000000000002,16.8,11.727256082889435,6.38,10,2.23,9.98,2.13,12.75,4.35,3.35,9,2.13,2.13,2.13,2.13,6.75,3.63,7.450000000000001,4.0128,11.441277796175758,6.500000000000001,2.13,10.75,2.13,4.8575,2.13,3.2625,5.582007128638034,3,12,9.94674454519094,5.45,2.13,15.3,2.83,3.89,2.13,5.8500000000000005,2.13,2.13,2.13,2.13,7.119737552105594,17.005260860416094,2.33,2.625,2.13
,2025/03/01,2.13,11.722177912040317,2.13,2.63,12.000000000000002,16.8,11.727256082889435,6.38,10,2.23,9.98,2.13,12.75,4.35,3.35,9,2.13,2.13,2.13,2.13,6.75,3.63,7.450000000000001,4.0128,11.441277796175758,6.500000000000001,2.13,10.75,2.13,4.8575,2.13,3.2625,5.582007128638034,3,12,9.94674454519094,5.45,2.13,15.3,2.83,3.89,2.13,5.8500000000000005,2.13,2.13,2.13,2.13,7.119737552105594,17.005260860416094,2.33,2.625,2.13
,2025/04/01,2.13,11.722177912040317,2.13,2.63,12.000000000000002,16.8,11.727256082889435,6.38,10,2.23,9.98,2.13,12.75,4.35,3.35,9,2.13,2.13,2.13,2.13,6.75,3.63,7.450000000000001,4.0128,11.441277796175758,6.500000000000001,2.13,10.75,2.13,4.8575,2.13,3.2625,5.582007128638034,3,12,9.94674454519094,5.45,2.13,15.3,2.83,3.89,2.13,5.8500000000000005,2.13,2.13,2.13,2.13,7.119737552105594,17.005260860416094,2.33,2.625,2.13
,2025/05/01,2.13,11.722177912040317,2.13,2.63,12.000000000000002,16.8,11.727256082889435,6.38,10,2.23,9.98,2.13,12.75,4.35,3.35,9,2.13,2.13,2.13,2.13,6.75,3.63,7.450000000000001,4.0128,11.441277796175758,6.500000000000001,2.13,10.75,2.13,4.8575,2.13,3.2625,5.582007128638034,3,12,9.94674454519094,5.45,2.13,15.3,2.83,3.89,2.13,5.8500000000000005,2.13,2.13,2.13,2.13,7.119737552105594,17.005260860416094,2.33,2.625,2.13
,2025/06/01,2.13,11.722177912040317,2.13,2.63,12.000000000000002,16.8,11.727256082889435,6.38,10,2.23,9.98,2.13,12.75,4.35,3.35,9,2.13,2.13,2.13,2.13,6.75,3.63,7.450000000000001,4.0128,11.441277796175758,6.500000000000001,2.13,10.75,2.13,4.8575,2.13,3.2625,5.582007128638034,3,12,9.94674454519094,5.45,2.13,15.3,2.83,3.89,2.13,5.8500000000000005,2.13,2.13,2.13,2.13,7.119737552105594,17.005260860416094,2.33,2.625,2.13
,2025/07/01,2.13,11.722177912040317,2.13,2.63,12.000000000000002,16.8,11.727256082889435,6.38,12,2.23,9.98,2.13,12.75,4.35,3.35,9,2.13,2.13,2.13,2.13,6.75,3.63,7.450000000000001,4.0128,11.441277796175758,6.500000000000001,2.13,10.75,2.13,4.8575,2.13,3.2625,5.582007128638034,3,12,9.94674454519094,5.45,2.13,15.75,2.83,3.89,2.13,5.8500000000000005,2.13,2.13,2.13,2.13,7.119737552105594,17.005260860416094,2.33,2.625,2.13
,2025/08/01,2.13,11.722177912040317,2.13,2.63,12.000000000000002,16.8,11.727256082889435,6.38,12,2.23,9.98,2.13,12.75,4.35,3.35,9,2.13,2.13,2.13,2.13,6.75,3.63,7.450000000000001,4.0128,11.441277796175758,6.500000000000001,2.13,10.75,2.13,4.8575,2.13,3.2625,5.582007128638034,3,12,9.94674454519094,5.45,2.13,15.75,2.83,3.89,2.13,5.8500000000000005,2.13,2.13,2.13,2.13,7.119737552105594,17.005260860416094,2.33,2.625,2.13
,2025/09/01,2.13,11.722177912040317,2.13,2.63,12.000000000000002,16.8,11.727256082889435,6.38,12,2.23,9.98,2.13,12.75,4.35,3.35,9,2.13,2.13,2.13,2.13,6.75,3.63,7.450000000000001,4.0128,11.441277796175758,6.500000000000001,2.13,10.75,2.13,4.8575,2.13,3.2625,5.582007128638034,3,12,9.94674454519094,5.45,2.13,15.75,2.83,3.89,2.13,5.8500000000000005,2.13,2.13,2.13,2.13,7.119737552105594,17.005260860416094,2.33,2.625,2.13
,2025/10/01,2.13,11.722177912040317,2.13,2.63,12.000000000000002,16.8,11.727256082889435,6.38,12,2.23,10.98,2.13,12.75,4.35,3.35,9,2.13,2.13,2.13,2.13,6.75,3.63,7.450000000000001,4.0128,11.441277796175758,6.500000000000001,2.13,10.75,2.13,4.8575,2.13,3.2625,5.582007128638034,3,12,9.94674454519094,5.45,2.13,15.75,2.83,3.89,2.13,5.8500000000000005,2.13,2.13,2.13,2.13,7.119737552105594,17.005260860416094,2.33,2.625,2.13
,2025/11/01,2.13,11.722177912040317,2.13,2.63,12.000000000000002,16.8,11.727256082889435,6.38,12,2.23,10.98,2.13,12.75,4.35,3.35,9,2.13,2.13,2.13,2.13,6.75,3.63,7.450000000000001,4.0128,11.441277796175758,6.500000000000001,2.13,10.75,2.13,4.8575,2.13,3.2625,5.582007128638034,3,12,9.94674454519094,5.45,2.13,15.75,2.83,3.89,2.13,5.8500000000000005,2.13,2.13,2.13,2.13,7.119737552105594,17.005260860416094,2.33,2.625,2.13
,2025/12/01,2.13,11.722177912040317,2.13,2.63,12.000000000000002,16.8,11.727256082889435,6.38,12,2.23,10.98,2.13,12.75,4.35,3.35,9,2.13,2.13,2.13,2.13,6.75,3.63,7.450000000000001,4.0128,11.441277796175758,6.500000000000001,2.13,10.75,2.13,4.8575,2.13,3.2625,5.582007128638034,3,12,9.94674454519094,5.45,2.13,15.75,2.83,3.89,2.13,5.8500000000000005,2.13,2.13,2.13,2.13,7.119737552105594,17.005260860416094,2.33,2.625,2.13
329.698,2026/01/01,2.13,11.977435028000839,2.13,2.63,12.350000000000001,17.200000000000003,12.048386002968801,6.38,12,2.23,10.98,2.13,14.75,4.35,3.35,9,2.13,2.13,2.13,2.13,6.75,3.63,7.6000000000000005,4.104,11.690418151753816,6.65,2.13,11.000000000000002,2.13,4.8575,2.13,3.2625,5.918483405064984,3,12,10.150965852259956,5.575000000000001,2.13,15.75,2.83,3.89,2.13,5.9750000000000005,2.13,2.13,2.13,2.13,7.2747739017995885,17.375560123569883,2.33,2.625,2.13
,2026/02/01,2.13,11.977435028000839,2.13,2.63,12.350000000000001,17.200000000000003,12.048386002968801,6.38,12,2.23,10.98,2.13,14.75,4.35,3.35,9,2.13,2.13,2.13,2.13,6.75,3.63,7.6000000000000005,4.104,11.690418151753816,6.65,2.13,11.000000000000002,2.13,4.8575,2.13,3.2625,5.918483405064984,3,12,10.150965852259956,5.575000000000001,2.13,15.75,2.83,3.89,2.13,5.9750000000000005,2.13,2.13,2.13,2.13,7.2747739017995885,17.375560123569883,2.33,2.625,2.13
,2026/03/01,2.13,11.977435028000839,2.13,2.63,12.350000000000001,17.200000000000003,12.048386002968801,6.38,12,2.23,10.98,2.13,14.75,4.35,3.35,9,2.13,2.13,2.13,2.13,6.75,3.63,7.6000000000000005,4.104,11.690418151753816,6.65,2.13,11.000000000000002,2.13,4.8575,2.13,3.2625,5.918483405064984,3,12,10.150965852259956,5.575000000000001,2.13,15.75,2.83,3.89,2.13,5.9750000000000005,2.13,2.13,2.13,2.13,7.2747739017995885,17.375560123569883,2.33,2.625,2.13
,2026/04/01,2.13,11.977435028000839,2.13,2.63,12.350000000000001,17.200000000000003,12.048386002968801,6.38,12,2.23,10.98,2.13,14.75,4.35,3.35,9,2.13,2.13,2.13,2.13,6.75,3.63,7.6000000000000005,4.104,11.690418151753816,6.65,2.13,11.000000000000002,2.13,4.8575,2.13,3.2625,5.918483405064984,3,12,10.150965852259956,5.575000000000001,2.13,15.75,2.83,3.89,2.13,5.9750000000000005,2.13,2.13,2.13,2.13,7.2747739017995885,17.375560123569883,2.33,2.625,2.13
,2026/05/01,2.13,11.977435028000839,2.13,2.63,12.350000000000001,17.200000000000003,12.048386002968801,6.38,12,2.23,10.98,2.13,14.75,4.35,3.35,9,2.13,2.13,2.13,2.13,6.75,3.63,7.6000000000000005,4.104,11.690418151753816,6.65,2.13,11.000000000000002,2.13,4.8575,2.13,3.2625,5.918483405064984,3,12,10.150965852259956,5.575000000000001,2.13,15.75,2.83,3.89,2.13,5.9750000000000005,2.13,2.13,2.13,2.13,7.2747739017995885,17.375560123569883,2.33,2.625,2.13
,2026/06/01,2.13,11.977435028000839,2.13,2.63,12.350000000000001,17.200000000000003,12.048386002968801,6.38,12,2.23,10.98,2.13,14.75,4.35,3.35,9,2.13,2.13,2.13,2.13,6.75,3.63,7.6000000000000005,4.104,11.690418151753816,6.65,2.13,11.000000000000002,2.13,4.8575,2.13,3.2625,5.918483405064984,3,12,10.150965852259956,5.575000000000001,2.13,15.75,2.83,3.89,2.13,5.9750000000000005,2.13,2.13,2.13,2.13,7.2747739017995885,17.375560123569883,2.33,2.625,2.13
,2026/07/01,2.13,11.977435028000839,2.13,2.63,12.350000000000001,17.200000000000003,12.048386002968801,6.38,14,2.23,10.98,2.13,14.75,4.35,3.35,9,2.13,2.13,2.13,2.13,6.75,3.63,7.6000000000000005,4.104,11.690418151753816,6.65,2.13,11.000000000000002,2.13,4.8575,2.13,3.2625,5.918483405064984,3,12,10.150965852259956,5.575000000000001,2.13,16.1,2.83,3.89,2.13,5.9750000000000005,2.13,2.13,2.13,2.13,7.2747739017995885,17.375560123569883,2.33,2.625,2.13
,2026/08/01,2.13,11.977435028000839,2.13,2.63,12.350000000000001,17.200000000000003,12.048386002968801,6.38,14,2.23,10.98,2.13,14.75,4.35,3.35,9,2.13,2.13,2.13,2.13,6.75,3.63,7.6000000000000005,4.104,11.690418151753816,6.65,2.13,11.000000000000002,2.13,4.8575,2.13,3.2625,5.918483405064984,3,12,10.150965852259956,5.575000000000001,2.13,16.1,2.83,3.89,2.13,5.9750000000000005,2.13,2.13,2.13,2.13,7.2747739017995885,17.375560123569883,2.33,2.625,2.13
,2026/09/01,2.13,11.977435028000839,2.13,2.63,12.350000000000001,17.200000000000003,12.048386002968801,6.38,14,2.23,10.98,2.13,14.75,4.35,3.35,9,2.13,2.13,2.13,2.13,6.75,3.63,7.6000000000000005,4.104,11.690418151753816,6.65,2.13,11.000000000000002,2.13,4.8575,2.13,3.2625,5.918483405064984,3,12,10.150965852259956,5.575000000000001,2.13,16.1,2.83,3.89,2.13,5.9750000000000005,2.13,2.13,2.13,2.13,7.2747739017995885,17.375560123569883,2.33,2.625,2.13
,2026/10/01,2.13,11.977435028000839,2.13,2.63,12.350000000000001,17.200000000000003,12.048386002968801,6.38,14,2.23,11.98,2.13,14.75,4.35,3.35,9,2.13,2.13,2.13,2.13,6.75,3.63,7.6000000000000005,4.104,11.690418151753816,6.65,2.13,11.000000000000002,2.13,4.8575,2.13,3.2625,5.918483405064984,3,12,10.150965852259956,5.575000000000001,2.13,16.1,2.83,3.89,2.13,5.9750000000000005,2.13,2.13,2.13,2.13,7.2747739017995885,17.375560123569883,2.33,2.625,2.13
,2026/11/01,2.13,11.977435028000839,2.13,2.63,12.350000000000001,17.200000000000003,12.048386002968801,6.38,14,2.23,11.98,2.13,14.75,4.35,3.35,9,2.13,2.13,2.13,2.13,6.75,3.63,7.6000000000000005,4.104,11.690418151753816,6.65,2.13,11.000000000000002,2.13,4.8575,2.13,3.2625,5.918483405064984,3,12,10.150965852259956,5.575000000000001,2.13,16.1,2.83,3.89,2.13,5.9750000000000005,2.13,2.13,2.13,2.13,7.2747739017995885,17.375560123569883,2.33,2.625,2.13
329.698,2026/12/01,2.13,11.977435028000839,2.13,2.63,12.350000000000001,17.200000000000003,12.048386002968801,6.38,14,2.23,11.98,2.13,14.75,4.35,3.35,9,2.13,2.13,2.13,2.13,6.75,3.63,7.6000000000000005,4.104,11.690418151753816,6.65,2.13,11.000000000000002,2.13,4.8575,2.13,3.2625,5.918483405064984,3,12,10.150965852259956,5.575000000000001,2.13,16.1,2.83,3.89,2.13,5.9750000000000005,2.13,2.13,2.13,2.13,7.2747739017995885,17.375560123569883,2.33,2.625,2.13
336.496,2027/01/01,2.13,12.223349399847772,2.13,2.63,12.65,17.6,12.357762148195588,6.38,14,2.23,11.98,2.13,14.75,4.35,3.35,9,2.13,2.13,2.13,2.13,6.75,3.63,7.75,4.1952,11.930439644644048,6.775,2.13,11.250000000000002,2.13,4.8575,2.13,3.2625,6.242644209936438,3,12,10.360267291345615,5.700000000000001,2.13,16.1,2.83,3.89,2.13,6.1000000000000005,2.13,2.13,2.13,2.13,7.424135718432887,17.732305949640917,2.33,2.625,2.13
336.496,2027/02/01,2.13,12.223349399847772,2.13,2.63,12.65,17.6,12.357762148195588,6.38,14,2.23,11.98,2.13,14.75,4.35,3.35,9,2.13,2.13,2.13,2.13,6.75,3.63,7.75,4.1952,11.930439644644048,6.775,2.13,11.250000000000002,2.13,4.8575,2.13,3.2625,6.242644209936438,3,12,10.360267291345615,5.700000000000001,2.13,16.1,2.83,3.89,2.13,6.1000000000000005,2.13,2.13,2.13,2.13,7.424135718432887,17.732305949640917,2.33,2.625,2.13
336.496,2027/03/01,2.13,12.223349399847772,2.13,2.63,12.65,17.6,12.357762148195588,6.38,14,2.23,11.98,2.13,14.75,4.35,3.35,9,2.13,2.13,2.13,2.13,6.75,3.63,7.75,4.1952,11.930439644644048,6.775,2.13,11.250000000000002,2.13,4.8575,2.13,3.2625,6.242644209936438,3,12,10.360267291345615,5.700000000000001,2.13,16.1,2.83,3.89,2.13,6.1000000000000005,2.13,2.13,2.13,2.13,7.424135718432887,17.732305949640917,2.33,2.625,2.13
336.496,2027/04/01,2.13,12.223349399847772,2.13,2.63,12.65,17.6,12.357762148195588,6.38,14,2.23,11.98,2.13,14.75,4.35,3.35,9,2.13,2.13,2.13,2.13,6.75,3.63,7.75,4.1952,11.930439644644048,6.775,2.13,11.250000000000002,2.13,4.8575,2.13,3.2625,6.242644209936438,3,12,10.360267291345615,5.700000000000001,2.13,16.1,2.83,3.89,2.13,6.1000000000000005,2.13,2.13,2.13,2.13,7.424135718432887,17.732305949640917,2.33,2.625,2.13
336.496,2027/05/01,2.13,12.223349399847772,2.13,2.63,12.65,17.6,12.357762148195588,6.38,14,2.23,11.98,2.13,14.75,4.35,3.35,9,2.13,2.13,2.13,2.13,6.75,3.63,7.75,4.1952,11.930439644644048,6.775,2.13,11.250000000000002,2.13,4.8575,2.13,3.2625,6.242644209936438,3,12,10.360267291345615,5.700000000000001,2.13,16.1,2.83,3.89,2.13,6.1000000000000005,2.13,2.13,2.13,2.13,7.424135718432887,17.732305949640917,2.33,2.625,2.13
336.496,2027/06/01,2.13,12.223349399847772,2.13,2.63,12.65,17.6,12.357762148195588,6.38,14,2.23,11.98,2.13,14.75,4.35,3.35,9,2.13,2.13,2.13,2.13,6.75,3.63,7.75,4.1952,11.930439644644048,6.775,2.13,11.250000000000002,2.13,4.8575,2.13,3.2625,6.242644209936438,3,12,10.360267291345615,5.700000000000001,2.13,16.1,2.83,3.89,2.13,6.1000000000000005,2.13,2.13,2.13,2.13,7.424135718432887,17.732305949640917,2.33,2.625,2.13
336.496,2027/07/01,2.13,12.223349399847772,2.13,2.63,12.65,17.6,12.357762148195588,6.38,18.5,2.23,11.98,2.13,14.75,4.35,3.35,9,2.13,2.13,2.13,2.13,6.75,3.63,7.75,4.1952,11.930439644644048,6.775,2.13,11.250000000000002,2.13,4.8575,2.13,3.2625,6.242644209936438,3,12,10.360267291345615,5.700000000000001,2.13,16.450000000000003,2.83,3.89,2.13,6.1000000000000005,2.13,2.13,2.13,2.13,7.424135718432887,17.732305949640917,2.33,2.625,2.13
336.496,2027/08/01,2.13,12.223349399847772,2.13,2.63,12.65,17.6,12.357762148195588,6.38,18.5,2.23,11.98,2.13,14.75,4.35,3.35,9,2.13,2.13,2.13,2.13,6.75,3.63,7.75,4.1952,11.930439644644048,6.775,2.13,11.250000000000002,2.13,4.8575,2.13,3.2625,6.242644209936438,3,12,10.360267291345615,5.700000000000001,2.13,16.450000000000003,2.83,3.89,2.13,6.1000000000000005,2.13,2.13,2.13,2.13,7.424135718432887,17.732305949640917,2.33,2.625,2.13
336.496,2027/09/01,2.13,12.223349399847772,2.13,2.63,12.65,17.6,12.357762148195588,6.38,18.5,2.23,11.98,2.13,14.75,4.35,3.35,9,2.13,2.13,2.13,2.13,6.75,3.63,7.75,4.1952,11.930439644644048,6.775,2.13,11.250000000000002,2.13,4.8575,2.13,3.2625,6.242644209936438,3,12,10.360267291345615,5.700000000000001,2.13,16.450000000000003,2.83,3.89,2.13,6.1000000000000005,2.13,2.13,2.13,2.13,7.424135718432887,17.732305949640917,2.33,2.625,2.13
336.496,2027/10/01,2.13,12.223349399847772,2.13,2.63,12.65,17.6,12.357762148195588,6.38,18.5,2.23,11.98,2.13,14.75,4.35,3.35,9,2.13,2.13,2.13,2.13,6.75,3.63,7.75,4.1952,11.930439644644048,6.775,2.13,11.250000000000002,2.13,4.8575,2.13,3.2625,6.242644209936438,3,12,10.360267291345615,5.700000000000001,2.13,16.450000000000003,2.83,3.89,2.13,6.1000000000000005,2.13,2.13,2.13,2.13,7.424135718432887,17.732305949640917,2.33,2.625,2.13
336.496,2027/11/01,2.13,12.223349399847772,2.13,2.63,12.65,17.6,12.357762148195588,6.38,18.5,2.23,11.98,2.13,14.75,4.35,3.35,9,2.13,2.13,2.13,2.13,6.75,3.63,7.75,4.1952,11.930439644644048,6.775,2.13,11.250000000000002,2.13,4.8575,2.13,3.2625,6.242644209936438,3,12,10.360267291345615,5.700000000000001,2.13,16.450000000000003,2.83,3.89,2.13,6.1000000000000005,2.13,2.13,2.13,2.13,7.424135718432887,17.732305949640917,2.33,2.625,2.13
336.496,2027/12/01,2.13,12.223349399847772,2.13,2.63,12.65,17.6,12.357762148195588,6.38,18.5,2.23,11.98,2.13,14.75,4.35,3.35,9,2.13,2.13,2.13,2.13,6.75,3.63,7.75,4.1952,11.930439644644048,6.775,2.13,11.250000000000002,2.13,4.8575,2.13,3.2625,6.242644209936438,3,12,10.360267291345615,5.700000000000001,2.13,16.450000000000003,2.83,3.89,2.13,6.1000000000000005,2.13,2.13,2.13,2.13,7.424135718432887,17.732305949640917,2.33,2.625,2.13
343.85,2028/01/01,2.13,12.475381044626221,2.13,2.63,12.950000000000001,18.000000000000004,12.674834217432993,6.38,18.5,2.23,12.280000000000001,2.13,16.5,4.35,3.35,9,2.13,2.13,2.13,2.13,6.75,3.63,7.9,4.2902,12.176431821437022,6.925000000000001,2.13,11.500000000000002,2.13,4.8575,2.13,3.2625,6.57486871642161,3,12,10.586687235893413,5.825000000000001,2.13,16.450000000000003,2.83,3.89,2.13,6.2250000000000005,2.13,2.13,2.13,2.13,7.577213003141641,18.097926049992328,2.33,2.625,2.13
343.85,2028/02/01,2.13,12.475381044626221,2.13,2.63,12.950000000000001,18.000000000000004,12.674834217432993,6.38,18.5,2.23,12.280000000000001,2.13,16.5,4.35,3.35,9,2.13,2.13,2.13,2.13,6.75,3.63,7.9,4.2902,12.176431821437022,6.925000000000001,2.13,11.500000000000002,2.13,4.8575,2.13,3.2625,6.57486871642161,3,12,10.586687235893413,5.825000000000001,2.13,16.450000000000003,2.83,3.89,2.13,6.2250000000000005,2.13,2.13,2.13,2.13,7.577213003141641,18.097926049992328,2.33,2.625,2.13
343.85,2028/03/01,2.13,12.475381044626221,2.13,2.63,12.950000000000001,18.000000000000004,12.674834217432993,6.38,18.5,2.23,12.280000000000001,2.13,16.5,4.35,3.35,9,2.13,2.13,2.13,2.13,6.75,3.63,7.9,4.2902,12.176431821437022,6.925000000000001,2.13,11.500000000000002,2.13,4.8575,2.13,3.2625,6.57486871642161,3,12,10.586687235893413,5.825000000000001,2.13,16.450000000000003,2.83,3.89,2.13,6.2250000000000005,2.13,2.13,2.13,2.13,7.577213003141641,18.097926049992328,2.33,2.625,2.13
343.85,2028/04/01,2.13,12.475381044626221,2.13,2.63,12.950000000000001,18.000000000000004,12.674834217432993,6.38,18.5,2.23,12.280000000000001,2.13,16.5,4.35,3.35,9,2.13,2.13,2.13,2.13,6.75,3.63,7.9,4.2902,12.176431821437022,6.925000000000001,2.13,11.500000000000002,2.13,4.8575,2.13,3.2625,6.57486871642161,3,12,10.586687235893413,5.825000000000001,2.13,16.450000000000003,2.83,3.89,2.13,6.2250000000000005,2.13,2.13,2.13,2.13,7.577213003141641,18.097926049992328,2.33,2.625,2.13
343.85,2028/05/01,2.13,12.475381044626221,2.13,2.63,12.950000000000001,18.000000000000004,12.674834217432993,6.38,18.5,2.23,12.280000000000001,2.13,16.5,4.35,3.35,9,2.13,2.13,2.13,2.13,6.75,3.63,7.9,4.2902,12.176431821437022,6.925000000000001,2.13,11.500000000000002,2.13,4.8575,2.13,3.2625,6.57486871642161,3,12,10.586687235893413,5.825000000000001,2.13,16.450000000000003,2.83,3.89,2.13,6.2250000000000005,2.13,2.13,2.13,2.13,7.577213003141641,18.097926049992328,2.33,2.625,2.13
343.85,2028/06/01,2.13,12.475381044626221,2.13,2.63,12.950000000000001,18.000000000000004,12.674834217432993,6.38,18.5,2.23,12.280000000000001,2.13,16.5,4.35,3.35,9,2.13,2.13,2.13,2.13,6.75,3.63,7.9,4.2902,12.176431821437022,6.925000000000001,2.13,11.500000000000002,2.13,4.8575,2.13,3.2625,6.57486871642161,3,12,10.586687235893413,5.825000000000001,2.13,16.450000000000003,2.83,3.89,2.13,6.2250000000000005,2.13,2.13,2.13,2.13,7.577213003141641,18.097926049992328,2.33,2.625,2.13
343.85,2028/07/01,2.13,12.475381044626221,2.13,2.63,12.950000000000001,18.000000000000004,12.674834217432993,6.38,18.900000000000002,2.23,12.280000000000001,2.13,16.5,4.35,3.35,9,2.13,2.13,2.13,2.13,6.75,3.63,7.9,4.2902,12.176431821437022,6.925000000000001,2.13,11.500000000000002,2.13,4.8575,2.13,3.2625,6.57486871642161,3,12,10.586687235893413,5.825000000000001,2.13,16.8,2.83,3.89,2.13,6.2250000000000005,2.13,2.13,2.13,2.13,7.577213003141641,18.097926049992328,2.33,2.625,2.13
343.85,2028/08/01,2.13,12.475381044626221,2.13,2.63,12.950000000000001,18.000000000000004,12.674834217432993,6.38,18.900000000000002,2.23,12.280000000000001,2.13,16.5,4.35,3.35,9,2.13,2.13,2.13,2.13,6.75,3.63,7.9,4.2902,12.176431821437022,6.925000000000001,2.13,11.500000000000002,2.13,4.8575,2.13,3.2625,6.57486871642161,3,12,10.586687235893413,5.825000000000001,2.13,16.8,2.83,3.89,2.13,6.2250000000000005,2.13,2.13,2.13,2.13,7.577213003141641,18.097926049992328,2.33,2.625,2.13
343.85,2028/09/01,2.13,12.475381044626221,2.13,2.63,12.950000000000001,18.000000000000004,12.674834217432993,6.38,18.900000000000002,2.23,12.280000000000001,2.13,16.5,4.35,3.35,9,2.13,2.13,2.13,2.13,6.75,3.63,7.9,4.2902,12.176431821437022,6.925000000000001,2.13,11.500000000000002,2.13,4.8575,2.13,3.2625,6.57486871642161,3,12,10.586687235893413,5.825000000000001,2.13,16.8,2.83,3.89,2.13,6.2250000000000005,2.13,2.13,2.13,2.13,7.577213003141641,18.097926049992328,2.33,2.625,2.13
343.85,2028/10/01,2.13,12.475381044626221,2.13,2.63,12.950000000000001,18.000000000000004,12.674834217432993,6.38,18.900000000000002,2.23,12.280000000000001,2.13,16.5,4.35,3.35,9,2.13,2.13,2.13,2.13,6.75,3.63,7.9,4.2902,12.176431821437022,6.925000000000001,2.13,11.500000000000002,2.13,4.8575,2.13,3.2625,6.57486871642161,3,12,10.586687235893413,5.825000000000001,2.13,16.8,2.83,3.89,2.13,6.2250000000000005,2.13,2.13,2.13,2.13,7.577213003141641,18.097926049992328,2.33,2.625,2.13
343.85,2028/11/01,2.13,12.475381044626221,2.13,2.63,12.950000000000001,18.000000000000004,12.674834217432993,6.38,18.900000000000002,2.23,12.280000000000001,2.13,16.5,4.35,3.35,9,2.13,2.13,2.13,2.13,6.75,3.63,7.9,4.2902,12.176431821437022,6.925000000000001,2.13,11.500000000000002,2.13,4.8575,2.13,3.2625,6.57486871642161,3,12,10.586687235893413,5.825000000000001,2.13,16.8,2.83,3.89,2.13,6.2250000000000005,2.13,2.13,2.13,2.13,7.577213003141641,18.097926049992328,2.33,2.625,2.13
343.85,2028/12/01,2.13,12.475381044626221,2.13,2.63,12.950000000000001,18.000000000000004,12.674834217432993,6.38,18.900000000000002,2.23,12.280000000000001,2.13,16.5,4.35,3.35,9,2.13,2.13,2.13,2.13,6.75,3.63,7.9,4.2902,12.176431821437022,6.925000000000001,2.13,11.500000000000002,2.13,4.8575,2.13,3.2625,6.57486871642161,3,12,10.586687235893413,5.825000000000001,2.13,16.8,2.83,3.89,2.13,6.2250000000000005,2.13,2.13,2.13,2.13,7.577213003141641,18.097926049992328,2.33,2.625,2.13
351.603,2029/01/01,2.13,12.74802604546481,2.13,2.63,13.3,18.400000000000002,13.017839218487993,6.38,18.900000000000002,2.23,12.630000000000003,2.13,16.5,4.35,3.35,9,2.13,2.13,2.13,2.13,6.75,3.63,8.075000000000001,4.385199999999999,12.442543393684087,7.075,2.13,11.75,2.13,4.8575,2.13,3.2625,6.934265453799069,3,12,10.825391863317817,5.95,2.13,16.8,2.83,3.89,2.13,6.3500000000000005,2.13,2.13,2.13,2.13,7.742810289365263,18.493449765494574,2.33,2.625,2.13
351.603,2029/02/01,2.13,12.74802604546481,2.13,2.63,13.3,18.400000000000002,13.017839218487993,6.38,18.900000000000002,2.23,12.630000000000003,2.13,16.5,4.35,3.35,9,2.13,2.13,2.13,2.13,6.75,3.63,8.075000000000001,4.385199999999999,12.442543393684087,7.075,2.13,11.75,2.13,4.8575,2.13,3.2625,6.934265453799069,3,12,10.825391863317817,5.95,2.13,16.8,2.83,3.89,2.13,6.3500000000000005,2.13,2.13,2.13,2.13,7.742810289365263,18.493449765494574,2.33,2.625,2.13
351.603,2029/03/01,2.13,12.74802604546481,2.13,2.63,13.3,18.400000000000002,13.017839218487993,6.38,18.900000000000002,2.23,12.630000000000003,2.13,16.5,4.35,3.35,9,2.13,2.13,2.13,2.13,6.75,3.63,8.075000000000001,4.385199999999999,12.442543393684087,7.075,2.13,11.75,2.13,4.8575,2.13,3.2625,6.934265453799069,3,12,10.825391863317817,5.95,2.13,16.8,2.83,3.89,2.13,6.3500000000000005,2.13,2.13,2.13,2.13,7.742810289365263,18.493449765494574,2.33,2.625,2.13
351.603,2029/04/01,2.13,12.74802604546481,2.13,2.63,13.3,18.400000000000002,13.017839218487993,6.38,18.900000000000002,2.23,12.630000000000003,2.13,16.5,4.35,3.35,9,2.13,2.13,2.13,2.13,6.75,3.63,8.075000000000001,4.385199999999999,12.442543393684087,7.075,2.13,11.75,2.13,4.8575,2.13,3.2625,6.934265453799069,3,12,10.825391863317817,5.95,2.13,16.8,2.83,3.89,2.13,6.3500000000000005,2.13,2.13,2.13,2.13,7.742810289365263,18.493449765494574,2.33,2.625,2.13
351.603,2029/05/01,2.13,12.74802604546481,2.13,2.63,13.3,18.400000000000002,13.017839218487993,6.38,18.900000000000002,2.23,12.630000000000003,2.13,16.5,4.35,3.35,9,2.13,2.13,2.13,2.13,6.75,3.63,8.075000000000001,4.385199999999999,12.442543393684087,7.075,2.13,11.75,2.13,4.8575,2.13,3.2625,6.934265453799069,3,12,10.825391863317817,5.95,2.13,16.8,2.83,3.89,2.13,6.3500000000000005,2.13,2.13,2.13,2.13,7.742810289365263,18.493449765494574,2.33,2.625,2.13
351.603,2029/06/01,2.13,12.74802604546481,2.13,2.63,13.3,18.400000000000002,13.017839218487993,6.38,18.900000000000002,2.23,12.630000000000003,2.13,16.5,4.35,3.35,9,2.13,2.13,2.13,2.13,6.75,3.63,8.075000000000001,4.385199999999999,12.442543393684087,7.075,2.13,11.75,2.13,4.8575,2.13,3.2625,6.934265453799069,3,12,10.825391863317817,5.95,2.13,16.8,2.83,3.89,2.13,6.3500000000000005,2.13,2.13,2.13,2.13,7.742810289365263,18.493449765494574,2.33,2.625,2.13
351.603,2029/07/01,2.13,12.74802604546481,2.13,2.63,13.3,18.400000000000002,13.017839218487993,6.38,19.35,2.23,12.630000000000003,2.13,16.5,4.35,3.35,9,2.13,2.13,2.13,2.13,6.75,3.63,8.075000000000001,4.385199999999999,12.442543393684087,7.075,2.13,11.75,2.13,4.8575,2.13,3.2625,6.934265453799069,3,12,10.825391863317817,5.95,2.13,17.150000000000002,2.83,3.89,2.13,6.3500000000000005,2.13,2.13,2.13,2.13,7.742810289365263,18.493449765494574,2.33,2.625,2.13
351.603,2029/08/01,2.13,12.74802604546481,2.13,2.63,13.3,18.400000000000002,13.017839218487993,6.38,19.35,2.23,12.630000000000003,2.13,16.5,4.35,3.35,9,2.13,2.13,2.13,2.13,6.75,3.63,8.075000000000001,4.385199999999999,12.442543393684087,7.075,2.13,11.75,2.13,4.8575,2.13,3.2625,6.934265453799069,3,12,10.825391863317817,5.95,2.13,17.150000000000002,2.83,3.89,2.13,6.3500000000000005,2.13,2.13,2.13,2.13,7.742810289365263,18.493449765494574,2.33,2.625,2.13
351.603,2029/09/01,2.13,12.74802604546481,2.13,2.63,13.3,18.400000000000002,13.017839218487993,6.38,19.35,2.23,12.630000000000003,2.13,16.5,4.35,3.35,9,2.13,2.13,2.13,2.13,6.75,3.63,8.075000000000001,4.385199999999999,12.442543393684087,7.075,2.13,11.75,2.13,4.8575,2.13,3.2625,6.934265453799069,3,12,10.825391863317817,5.95,2.13,17.150000000000002,2.83,3.89,2.13,6.3500000000000005,2.13,2.13,2.13,2.13,7.742810289365263,18.493449765494574,2.33,2.625,2.13
351.603,2029/10/01,2.13,12.74802604546481,2.13,2.63,13.3,18.400000000000002,13.017839218487993,6.38,19.35,2.23,12.630000000000003,2.13,16.5,4.35,3.35,9,2.13,2.13,2.13,2.13,6.75,3.63,8.075000000000001,4.385199999999999,12.442543393684087,7.075,2.13,11.75,2.13,4.8575,2.13,3.2625,6.934265453799069,3,12,10.825391863317817,5.95,2.13,17.150000000000002,2.83,3.89,2.13,6.3500000000000005,2.13,2.13,2.13,2.13,7.742810289365263,18.493449765494574,2.33,2.625,2.13
351.603,2029/11/01,2.13,12.74802604546481,2.13,2.63,13.3,18.400000000000002,13.017839218487993,6.38,19.35,2.23,12.630000000000003,2.13,16.5,4.35,3.35,9,2.13,2.13,2.13,2.13,6.75,3.63,8.075000000000001,4.385199999999999,12.442543393684087,7.075,2.13,11.75,2.13,4.8575,2.13,3.2625,6.934265453799069,3,12,10.825391863317817,5.95,2.13,17.150000000000002,2.83,3.89,2.13,6.3500000000000005,2.13,2.13,2.13,2.13,7.742810289365263,18.493449765494574,2.33,2.625,2.13
351.603,2029/12/01,2.13,12.74802604546481,2.13,2.63,13.3,18.400000000000002,13.017839218487993,6.38,19.35,2.23,12.630000000000003,2.13,16.5,4.35,3.35,9,2.13,2.13,2.13,2.13,6.75,3.63,8.075000000000001,4.385199999999999,12.442543393684087,7.075,2.13,11.75,2.13,4.8575,2.13,3.2625,6.934265453799069,3,12,10.825391863317817,5.95,2.13,17.150000000000002,2.83,3.89,2.13,6.3500000000000005,2.13,2.13,2.13,2.13,7.742810289365263,18.493449765494574,2.33,2.625,2.13
359.583,2030/01/01,2.13,13.035463724483245,2.13,2.63,13.650000000000002,18.8,13.379454363059573,6.38,19.35,2.23,12.98,2.13,16.5,4.35,3.35,9,2.13,2.13,2.13,2.13,6.75,3.63,8.25,4.4802,12.723093165186873,7.2250000000000005,2.13,12,2.13,4.8575,2.13,3.2625,7.31316168780606,3,12,11.071085520849968,6.075,2.13,17.150000000000002,2.83,3.89,2.13,6.500000000000001,2.13,2.13,2.13,2.13,7.9173922529349845,18.91043308971118,2.33,2.625,2.13
359.583,2030/02/01,2.13,13.035463724483245,2.13,2.63,13.650000000000002,18.8,13.379454363059573,6.38,19.35,2.23,12.98,2.13,16.5,4.35,3.35,9,2.13,2.13,2.13,2.13,6.75,3.63,8.25,4.4802,12.723093165186873,7.2250000000000005,2.13,12,2.13,4.8575,2.13,3.2625,7.31316168780606,3,12,11.071085520849968,6.075,2.13,17.150000000000002,2.83,3.89,2.13,6.500000000000001,2.13,2.13,2.13,2.13,7.9173922529349845,18.91043308971118,2.33,2.625,2.13
359.583,2030/03/01,2.13,13.035463724483245,2.13,2.63,13.650000000000002,18.8,13.379454363059573,6.38,19.35,2.23,12.98,2.13,16.5,4.35,3.35,9,2.13,2.13,2.13,2.13,6.75,3.63,8.25,4.4802,12.723093165186873,7.2250000000000005,2.13,12,2.13,4.8575,2.13,3.2625,7.31316168780606,3,12,11.071085520849968,6.075,2.13,17.150000000000002,2.83,3.89,2.13,6.500000000000001,2.13,2.13,2.13,2.13,7.9173922529349845,18.91043308971118,2.33,2.625,2.13
359.583,2030/04/01,2.13,13.035463724483245,2.13,2.63,13.650000000000002,18.8,13.379454363059573,6.38,19.35,2.23,12.98,2.13,16.5,4.35,3.35,9,2.13,2.13,2.13,2.13,6.75,3.63,8.25,4.4802,12.723093165186873,7.2250000000000005,2.13,12,2.13,4.8575,2.13,3.2625,7.31316168780606,3,12,11.071085520849968,6.075,2.13,17.150000000000002,2.83,3.89,2.13,6.500000000000001,2.13,2.13,2.13,2.13,7.9173922529349845,18.91043308971118,2.33,2.625,2.13
359.583,2030/05/01,2.13,13.035463724483245,2.13,2.63,13.650000000000002,18.8,13.379454363059573,6.38,19.35,2.23,12.98,2.13,16.5,4.35,3.35,9,2.13,2.13,2.13,2.13,6.75,3.63,8.25,4.4802,12.723093165186873,7.2250000000000005,2.13,12,2.13,4.8575,2.13,3.2625,7.31316168780606,3,12,11.071085520849968,6.075,2.13,17.150000000000002,2.83,3.89,2.13,6.500000000000001,2.13,2.13,2.13,2.13,7.9173922529349845,18.91043308971118,2.33,2.625,2.13
359.583,2030/06/01,2.13,13.035463724483245,2.13,2.63,13.650000000000002,18.8,13.379454363059573,6.38,19.35,2.23,12.98,2.13,16.5,4.35,3.35,9,2.13,2.13,2.13,2.13,6.75,3.63,8.25,4.4802,12.723093165186873,7.2250000000000005,2.13,12,2.13,4.8575,2.13,3.2625,7.31316168780606,3,12,11.071085520849968,6.075,2.13,17.150000000000002,2.83,3.89,2.13,6.500000000000001,2.13,2.13,2.13,2.13,7.9173922529349845,18.91043308971118,2.33,2.625,2.13
359.583,2030/07/01,2.13,13.035463724483245,2.13,2.63,13.650000000000002,18.8,13.379454363059573,6.38,19.8,2.23,12.98,2.13,16.5,4.35,3.35,9,2.13,2.13,2.13,2.13,6.75,3.63,8.25,4.4802,12.723093165186873,7.2250000000000005,2.13,12,2.13,4.8575,2.13,3.2625,7.31316168780606,3,12,11.071085520849968,6.075,2.13,17.55,2.83,3.89,2.13,6.500000000000001,2.13,2.13,2.13,2.13,7.9173922529349845,18.91043308971118,2.33,2.625,2.13
359.583,2030/08/01,2.13,13.035463724483245,2.13,2.63,13.650000000000002,18.8,13.379454363059573,6.38,19.8,2.23,12.98,2.13,16.5,4.35,3.35,9,2.13,2.13,2.13,2.13,6.75,3.63,8.25,4.4802,12.723093165186873,7.2250000000000005,2.13,12,2.13,4.8575,2.13,3.2625,7.31316168780606,3,12,11.071085520849968,6.075,2.13,17.55,2.83,3.89,2.13,6.500000000000001,2.13,2.13,2.13,2.13,7.9173922529349845,18.91043308971118,2.33,2.625,2.13
359.583,2030/09/01,2.13,13.035463724483245,2.13,2.63,13.650000000000002,18.8,13.379454363059573,6.38,19.8,2.23,12.98,2.13,16.5,4.35,3.35,9,2.13,2.13,2.13,2.13,6.75,3.63,8.25,4.4802,12.723093165186873,7.2250000000000005,2.13,12,2.13,4.8575,2.13,3.2625,7.31316168780606,3,12,11.071085520849968,6.075,2.13,17.55,2.83,3.89,2.13,6.500000000000001,2.13,2.13,2.13,2.13,7.9173922529349845,18.91043308971118,2.33,2.625,2.13
359.583,2030/10/01,2.13,13.035463724483245,2.13,2.63,13.650000000000002,18.8,13.379454363059573,6.38,19.8,2.23,12.98,2.13,16.5,4.35,3.35,9,2.13,2.13,2.13,2.13,6.75,3.63,8.25,4.4802,12.723093165186873,7.2250000000000005,2.13,12,2.13,4.8575,2.13,3.2625,7.31316168780606,3,12,11.071085520849968,6.075,2.13,17.55,2.83,3.89,2.13,6.500000000000001,2.13,2.13,2.13,2.13,7.9173922529349845,18.91043308971118,2.33,2.625,2.13
359.583,2030/11/01,2.13,13.035463724483245,2.13,2.63,13.650000000000002,18.8,13.379454363059573,6.38,19.8,2.23,12.98,2.13,16.5,4.35,3.35,9,2.13,2.13,2.13,2.13,6.75,3.63,8.25,4.4802,12.723093165186873,7.2250000000000005,2.13,12,2.13,4.8575,2.13,3.2625,7.31316168780606,3,12,11.071085520849968,6.075,2.13,17.55,2.83,3.89,2.13,6.500000000000001,2.13,2.13,2.13,2.13,7.9173922529349845,18.91043308971118,2.33,2.625,2.13
359.583,2030/12/01,2.13,13.035463724483245,2.13,2.63,13.650000000000002,18.8,13.379454363059573,6.38,19.8,2.23,12.98,2.13,16.5,4.35,3.35,9,2.13,2.13,2.13,2.13,6.75,3.63,8.25,4.4802,12.723093165186873,7.2250000000000005,2.13,12,2.13,4.8575,2.13,3.2625,7.31316168780606,3,12,11.071085520849968,6.075,2.13,17.55,2.83,3.89,2.13,6.500000000000001,2.13,2.13,2.13,2.13,7.9173922529349845,18.91043308971118,2.33,2.625,2.13
